Quick Lookup,USDA Symbol,Common Name
Abies amabilis,ABAM,Pacific Silver Fir
Abies balsamea,ABBA,Balsam Fir
Abies bracteata,ABBR,Bristlecone Fir
Abies concolor,ABCO,White Fir
Abies fraseri,ABFR,Fraser Fir
Abies grandis,ABGR,Grand Fir
Abies lasiocarpa,ABLA,Subalpine Fir
Abies magnifica,ABMA,California Red Fir
Abies procera,ABPR,Noble Fir
Abronia ammophila,ABAM3,Wyoming Sand Verbena
Abronia fragrans,ABFR2,Snowball Sand Verbena
Abronia latifolia,ABLA2,Coastal Sand Verbena
Abronia maritima,ABMA2,Red Sand Verbena
Abronia mellifera,ABME,White Sand Verbena
Abronia umbellata,ABUM,Pink Sand Verbena
Abronia villosa,ABVI,Desert Sand Verbena
Abutilon eremitopetalum,ABER,Hiddenpetal Indian Mallow
Abutilon incanum,ABIN,Pelotazo
Abutilon malacum,ABMA3,Yellow Indian Mallow
Abutilon menziesii,ABME2,Ko'oloa 'ula
Abutilon permolle,ABPE,Coastal Indian Mallow
Abutilon wrightii,ABWR,Wright's Indian Mallow
Acacia angustissima,ACAN,Prairie Acacia
Acacia constricta,ACCO2,Whitethorn Acacia
Acacia farnesiana,ACFA,Sweet Acacia
Acacia greggii,ACGR,Catclaw Acacia
Acacia koa,ACKO,Koa
Acacia koaia,ACKO2,Koaoha
Acacia rigidula,ACRI,Blackbrush Acacia
Acalypha rhomboidea,ACRH,Common Threeseed Mercury
Acalypha virginica,ACVI,Virginia Threeseed Mercury
Acamptopappus shockleyi,ACSH,Shockley's Goldenhead
Acamptopappus sphaerocephalus,ACSP,Rayless Goldenhead
Acer circinatum,ACCI,Vine Maple
Acer floridanum,ACFL,Southern Sugar Maple
Acer glabrum,ACGL,Rocky Mountain Maple
Acer grandidentatum,ACGR3,Bigtooth Maple
Acer macrophyllum,ACMA3,Bigleaf Maple
Acer negundo,ACNE2,Boxelder
Acer nigrum,ACNI5,Black Maple
Acer pensylvanicum,ACPE,Striped Maple
Acer rubrum,ACRU,Red Maple
Acer saccharinum,ACSA2,Silver Maple
Acer saccharum,ACSA3,Sugar Maple
Acer spicatum,ACSP2,Mountain Maple
Achillea millefolium,ACMI2,Common Yarrow
Achlys triphylla,ACTR,Sweet After Death
Achnatherum hymenoides,ACHY,Indian Ricegrass
Achnatherum lemmonii,ACLE8,Lemmon's Needlegrass
Achnatherum lettermanii,ACLE9,Letterman's Needlegrass
Achnatherum nelsonii,ACNE9,Columbia Needlegrass
Achnatherum nevadense,ACNE10,Nevada Needlegrass
Achnatherum occidentale,ACOC3,Western Needlegrass
Achnatherum pinetorum,ACPI2,Pine Needlegrass
Achnatherum speciosum,ACSP12,Desert Needlegrass
Achnatherum thurberianum,ACTH7,Thurber's Needlegrass
Acleisanthes longiflora,ACLO2,Angel's Trumpets
Acmella oppositifolia,ACOP,Oppositeleaf Spotflower
Acoelorraphe wrightii,ACWR4,Everglades Palm
Aconitum columbianum,ACCO4,Columbian Monkshood
Aconitum uncinatum,ACUN,Southern Blue Monkshood
Acorus americanus,ACAM,Sweetflag
Acourtia runcinata,ACRU3,Featherleaf Desertpeony
Acrostichum aureum,ACAU3,Golden Leatherfern
Actaea pachypoda,ACPA,White Baneberry
Actaea podocarpa,ACPO11,Mountain Bugbane
Actaea racemosa,ACRA7,Black Baneberry
Actaea rubra,ACRU2,Red Baneberry
Adenocaulon bicolor,ADBI,American Trailplant
Adenophyllum cooperi,ADCO2,Cooper's Dogweed
Adenophyllum porophylloides,ADPO,San Felipe Dogweed
Adenostoma fasciculatum,ADFA,Chamise
Adenostoma sparsifolium,ADSP,Redshank
Adiantum aleuticum,ADAL,Aleutian Maidenhair
Adiantum capillus-veneris,ADCA,Common Maidenhair
Adiantum pedatum,ADPE,Northern Maidenhair
Aeschynomene americana,AEAM,Shyleaf
Aeschynomene virginica,AEVI3,Virginia Jointvetch
Aeschynomene viscidula,AEVI,Sticky Jointvetch
Aesculus californica,AECA,California Buckeye
Aesculus flava,AEFL,Yellow Buckeye
Aesculus glabra,AEGL,Ohio Buckeye
Aesculus parviflora,AEPA2,Bottlebrush Buckeye
Aesculus pavia,AEPA,Red Buckeye
Aesculus sylvatica,AESY,Painted Buckeye
Agalinis acuta,AGAC,Sandplain False Foxglove
Agalinis auriculata,AGAU3,Earleaf False Foxglove
Agalinis harperi,AGHA3,Coastal Plain False Foxglove
Agalinis maritima,AGMA3,Saltmarsh False Foxglove
Agalinis paupercula,AGPA12,Smallflower False Foxglove
Agalinis purpurea,AGPU5,Purple False Foxglove
Agalinis strictifolia,AGST4,Stiffleaf False Foxglove
Agalinis tenuifolia,AGTE3,Slenderleaf False Foxglove
Agarista populifolia,AGPO2,Florida Hobblebush
Agastache breviflora,AGBR,Trans-Pecos Giant Hyssop
Agastache foeniculum,AGFO,Blue Giant Hyssop
Agastache nepetoides,AGNE2,Yellow Giant Hyssop
Agastache pallidiflora,AGPA,Bill Williams Mountain Giant Hyssop
Agastache parvifolia,AGPA2,Smallleaf Giant Hyssop
Agastache rupestris,AGRU,Threadleaf Giant Hyssop
Agastache scrophulariifolia,AGSC,Purple Giant Hyssop
Agastache urticifolia,AGUR,Nettleleaf Giant Hyssop
Agave americana,AGAM,American Century Plant
Agave chrysantha,AGCH2,Goldenflower Century Plant
Agave decipiens,AGDE3,False Sisal
Agave delamateri,AGDE10,Tonto Basin Century Plant
Agave deserti,AGDE,Desert Agave
Agave glomeruliflora,AGGL2,Chisos Mountain Century Plant
Agave gracilipes,AGGR4,Slimfoot Century Plant
Agave havardiana,AGHA,Havard's Century Plant
Agave lechuguilla,AGLE,Lechuguilla
Agave murpheyi,AGMU,Murphey's Century Plant
Agave neglecta,AGNE3,Wild Century Plant
Agave palmeri,AGPA3,Palmer's Century Plant
Agave parryi,AGPA4,Parry's Agave
Agave parviflora,AGPA5,Smallflower Century Plant
Agave phillipsiana,AGPH,Grand Canyon Century Plant
Agave schottii,AGSC3,Schott's Century Plant
Agave shawii,AGSH,Coastal Agave
Agave toumeyana,AGTO,Toumey's Century Plant
Agave univittata,AGUN2,Mckelvey's Century Plant
Agave utahensis,AGUT,Utah Agave
Agave ×arizonica,AGAR8,Arizona Century Plant
Ageratina altissima,AGAL5,White Snakeroot
Ageratina havanensis,AGHA4,Havana Snakeroot
Ageratina occidentalis,AGOC2,Western Snakeroot
Agoseris aurantiaca,AGAU2,Orange Agoseris
Agoseris glauca,AGGL,Pale Agoseris
Agoseris grandiflora,AGGR,Bigflower Agoseris
Agoseris heterophylla,AGHE2,Annual Agoseris
Agoseris retrorsa,AGRE,Spearleaf Agoseris
Agrimonia gryposepala,AGGR2,Tall Hairy Agrimony
Agrimonia parviflora,AGPA6,Harvestlice
Agrimonia pubescens,AGPU,Soft Agrimony
Agrimonia rostellata,AGRO3,Beaked Agrimony
Agrimonia striata,AGST,Roadside Agrimony
Agrostis exarata,AGEX,Spike Bentgrass
Agrostis hallii,AGHA2,Hall's Bentgrass
Agrostis hyemalis,AGHY,Winter Bentgrass
Agrostis idahoensis,AGID,Idaho Bentgrass
Agrostis pallens,AGPA8,Seashore Bentgrass
Agrostis perennans,AGPE,Upland Bentgrass
Agrostis scabra,AGSC5,Rough Bentgrass
Aletes acaulis,ALAC2,Stemless Indian Parsley
Aliciella hutchinsifolia,ALHU6,Desert Pale Gilia
Aliciella leptomeria,ALLE7,Sand Gilia
Aliciella micromeria,ALMI10,Dainty Gilia
Alisma gramineum,ALGR,Narrowleaf Water Plantain
Alisma subcordatum,ALSU,American Water Plantain
Alisma triviale,ALTR7,Northern Water Plantain
Allionia incarnata,ALIN,Trailing Windmills
Allium acuminatum,ALAC4,Tapertip Onion
Allium amplectens,ALAM2,Narrowleaf Onion
Allium bisceptrum,ALBI2,Twincrest Onion
Allium brandegeei,ALBR,Brandegee's Onion
Allium campanulatum,ALCA2,Dusky Onion
Allium canadense,ALCA3,Meadow Garlic
Allium cernuum,ALCE2,Nodding Onion
Allium douglasii,ALDO,Douglas' Onion
Allium fimbriatum,ALFI2,Fringed Onion
Allium geyeri,ALGE,Geyer's Onion
Allium haematochiton,ALHA,Redskin Onion
Allium lacunosum,ALLA3,Pitted Onion
Allium obtusum,ALOB,Red Sierra Onion
Allium plummerae,ALPL4,Tanners Canyon Onion
Allium schoenoprasum,ALSC,Wild Chives
Allium siskiyouense,ALSI2,Siskiyou Onion
Allium textile,ALTE,Textile Onion
Allium tolmiei,ALTO,Tolmie's Onion
Allium tricoccum,ALTR3,Ramp
Allium validum,ALVA,Pacific Onion
Allium yosemitense,ALYO,Yosemite Onion
Allophyllum divaricatum,ALDI4,Purple False Gilyflower
Allophyllum gilioides,ALGI,Dense False Gilyflower
Allowissadula holosericea,ALHO4,Chisos Mountain False Indianmallow
Allowissadula lozanii,ALLO2,Lozano's False Indianmallow
Alnus incana,ALIN2,Gray Alder
Alnus maritima,ALMA7,Seaside Alder
Alnus rhombifolia,ALRH2,White Alder
Alnus rubra,ALRU2,Red Alder
Alnus serrulata,ALSE2,Hazel Alder
Alnus viridis,ALVI5,Green Alder
Alopecurus aequalis,ALAE,Shortawn Foxtail
Alopecurus carolinianus,ALCA4,Carolina Foxtail
Alopecurus magellanicus,ALMA8,Alpine Meadow-Foxtail
Aloysia gratissima,ALGR2,Whitebrush
Aloysia wrightii,ALWR,Wright's Beebrush
Alternanthera flavescens,ALFL,Yellow Joyweed
Alvaradoa amorphoides,ALAM3,Mexican Alvaradoa
Alyxia stellata,ALST11,Maile
Amaranthus californicus,AMCA,California Amaranth
Amaranthus hybridus,AMHY,Slim Amaranth
Amaranthus retroflexus,AMRE,Redroot Amaranth
Amaranthus spinosus,AMSP,Spiny Amaranth
Amaranthus tuberculatus,AMTU,Roughfruit Amaranth
Amblyolepis setigera,AMSE,Huisache Daisy
Ambrosia acanthicarpa,AMAC2,Flatspine Bur Ragweed
Ambrosia bidentata,AMBI2,Lanceleaf Ragweed
Ambrosia chamissonis,AMCH4,Silver Bur Ragweed
Ambrosia deltoidea,AMDE4,Triangle Bur Ragweed
Ambrosia dumosa,AMDU2,Burrobush
Ambrosia psilostachya,AMPS,Cuman Ragweed
Amelanchier alnifolia,AMAL2,Saskatoon Serviceberry
Amelanchier arborea,AMAR3,Common Serviceberry
Amelanchier bartramiana,AMBA,Oblongfruit Serviceberry
Amelanchier canadensis,AMCA4,Canadian Serviceberry
Amelanchier humilis,AMHU2,Low Serviceberry
Amelanchier interior,AMIN2,Inland Serviceberry
Amelanchier laevis,AMLA,Allegheny Serviceberry
Amelanchier obovalis,AMOB2,Coastal Serviceberry
Amelanchier sanguinea,AMSA,Roundleaf Serviceberry
Amelanchier stolonifera,AMST80,Running Serviceberry
Amelanchier utahensis,AMUT,Utah Serviceberry
Amelanchier ×intermedia,AMIN4,Serviceberry
Amelanchier ×neglecta,AMNE,Serviceberry
Amianthium muscitoxicum,AMMU,Flypoison
Ammannia coccinea,AMCO,Valley Redstem
Ammophila breviligulata,AMBR,American Beachgrass
Amorpha californica,AMCA5,California False Indigo
Amorpha canescens,AMCA6,Lead Plant
Amorpha fruticosa,AMFR,False Indigo Bush
Amorpha glabra,AMGL2,Mountain False Indigo
Amorpha herbacea,AMHE,Clusterspike False Indigo
Amorpha nana,AMNA,Dwarf False Indigo
Amorpha roemeriana,AMRO2,Roemer's False Indigo
Ampelaster carolinianus,AMCA14,Climbing Aster
Ampelopsis cordata,AMCO2,Heartleaf Peppervine
Amphiachyris dracunculoides,AMDR,Prairie Broomweed
Amphicarpaea bracteata,AMBR2,American Hogpeanut
Amphipappus fremontii,AMFR2,Fremont's Chaffbush
Amphitecna latifolia,AMLA4,Black Calabash
Amsinckia douglasiana,AMDO,Douglas' Fiddleneck
Amsinckia lunaris,AMLU,Bentflower Fiddleneck
Amsinckia lycopsoides,AMLY,Tarweed Fiddleneck
Amsinckia menziesii,AMME,Menzies' Fiddleneck
Amsinckia spectabilis,AMSP3,Woolly Breeches
Amsinckia tessellata,AMTE3,Bristly Fiddleneck
Amsonia ciliata,AMCI,Fringed Bluestar
Amsonia tabernaemontana,AMTA2,Eastern Bluestar
Amsonia tomentosa,AMTO2,Woolly Bluestar
Amyris elemifera,AMEL,Sea Torchwood
Anaphalis margaritacea,ANMA,Western Pearly Everlasting
Andromeda polifolia,ANPO,Bog Rosemary
Andropogon gerardii,ANGE,Big Bluestem
Andropogon glomeratus,ANGL2,Bushy Bluestem
Andropogon hallii,ANHA,Sand Bluestem
Andropogon ternarius,ANTE2,Splitbeard Bluestem
Andropogon virginicus,ANVI2,Broomsedge
Androsace chamaejasme,ANCH,Sweetflower Rockjasmine
Androsace septentrionalis,ANSE4,Pygmyflower Rockjasmine
Anemone canadensis,ANCA8,Canadian Anemone
Anemone cylindrica,ANCY,Candle Anemone
Anemone lancifolia,ANLA,Mountain Thimbleweed
Anemone multifida,ANMU,Pacific Anemone
Anemopsis californica,ANCA10,Yerba Mansa
Angelica ampla,ANAM,Giant Angelica
Angelica arguta,ANAR3,Lyall's Angelica
Angelica atropurpurea,ANAT,Purplestem Angelica
Angelica genuflexa,ANGE2,Kneeling Angelica
Angelica hendersonii,ANHE,Henderson's Angelica
Angelica kingii,ANKI,King's Angelica
Angelica lineariloba,ANLI2,Poison Angelica
Angelica lucida,ANLU,Seacoast Angelica
Angelica scabrida,ANSC9,Charleston Mountain Angelica
Angelica tomentosa,ANTO,Woolly Angelica
Angelica venenosa,ANVE,Hairy Angelica
Anisacanthus quadrifidus,ANQU2,Wright's Desert Honeysuckle
Anisacanthus thurberi,ANTH2,Thurber's Desert Honeysuckle
Anisocoma acaulis,ANAC,Scalebud
Annona glabra,ANGL4,Pond Apple
Annona squamosa,ANSQ,Sugar Apple
Antennaria anaphaloides,ANAN2,Pearly Pussytoes
Antennaria corymbosa,ANCO,Flat-Top Pussytoes
Antennaria dimorpha,ANDI2,Low Pussytoes
Antennaria howellii,ANHO,Howell's Pussytoes
Antennaria luzuloides,ANLU2,Rush Pussytoes
Antennaria media,ANME2,Rocky Mountain Pussytoes
Antennaria microphylla,ANMI3,Littleleaf Pussytoes
Antennaria neglecta,ANNE,Field Pussytoes
Antennaria parlinii,ANPA9,Parlin's Pussytoes
Antennaria parvifolia,ANPA4,Small-Leaf Pussytoes
Antennaria plantaginifolia,ANPL,Woman's Tobacco
Antennaria racemosa,ANRA,Raceme Pussytoes
Antennaria rosea,ANRO2,Rosy Pussytoes
Antennaria soliceps,ANSO2,Charleston Mountain Pussytoes
Antidesma platyphyllum,ANPL2,H'aa
Antidesma pulvinatum,ANPU2,Hame
Anulocaulis annulatus,ANAN4,Valley Ringstem
Anulocaulis leiosolenus,ANLE5,Southwestern Ringstem
Aphanostephus ramosissimus,APRA,Plains Dozedaisy
Apios americana,APAM,Groundnut
Apocynum androsaemifolium,APAN2,Spreading Dogbane
Apocynum cannabinum,APCA,Indianhemp
Apocynum ×floribundum,APFL,Intermediate Dogbane
Aquilegia canadensis,AQCA,Red Columbine
Aquilegia chrysantha,AQCH,Golden Columbine
Aquilegia coerulea,AQCO,Colorado Blue Columbine
Aquilegia desertorum,AQDE,Desert Columbine
Aquilegia elegantula,AQEL,Western Red Columbine
Aquilegia flavescens,AQFL,Yellow Columbine
Aquilegia formosa,AQFO,Western Columbine
Aquilegia micrantha,AQMI,Mancos Columbine
Aquilegia pubescens,AQPU,Sierra Columbine
Aquilegia triternata,AQTR,Chiricahua Mountain Columbine
Arabis blepharophylla,ARBL,Rose Rockcress
Arabis breweri,ARBR,Brewer's Rockcress
Arabis canadensis,ARCA,Sicklepod
Arabis drummondii,ARDR,Drummond's Rockcress
Arabis fendleri,ARFE,Fendler's Rockcress
Arabis glabra,ARGL,Tower Rockcress
Arabis hirsuta,ARHI,Hairy Rockcress
Arabis holboellii,ARHO2,Holboell's Rockcress
Arabis laevigata,ARLA,Smooth Rockcress
Arabis lignifera,ARLI,Desert Rockcress
Arabis lyallii,ARLY,Lyall's Rockcress
Arabis lyrata,ARLY2,Lyrate Rockcress
Arabis missouriensis,ARMI5,Green Rockcress
Arabis perennans,ARPE2,Perennial Rockcress
Arabis platysperma,ARPL,Pioneer Rockcress
Arabis pulchra,ARPU2,Beautiful Rockcress
Arabis serotina,ARSE9,Shale Barren Rockcress
Arabis shortii,ARSH2,Short's Rockcress
Arabis sparsiflora,ARSP,Sicklepod Rockcress
Arabis suffrutescens,ARSU2,Woody Rockcress
Arabis ×divaricarpa,ARDI2,Spreadingpod Rockcress
Aralia californica,ARCA2,California Spikenard
Aralia hispida,ARHI2,Bristly Sarsaparilla
Aralia nudicaulis,ARNU2,Wild Sarsaparilla
Aralia racemosa,ARRA,American Spikenard
Aralia spinosa,ARSP2,Devil's Walkingstick
Arbutus arizonica,ARAR2,Arizona Madrone
Arbutus menziesii,ARME,Pacific Madrone
Arbutus xalapensis,ARXA80,Texas Madrone
Arceuthobium abietinum,ARAB4,Fir Dwarf Mistletoe
Arceuthobium americanum,ARAM,American Dwarf Mistletoe
Arceuthobium blumeri,ARBL3,Southwestern White Pine Dwarf Mistletoe
Arceuthobium campylopodum,ARCA3,Western Dwarf Mistletoe
Arceuthobium cyanocarpum,ARCY2,Limber Pine Dwarf Mistletoe
Arceuthobium divaricatum,ARDI3,Pinyon Dwarf Mistletoe
Arceuthobium douglasii,ARDO,Douglas-Fir Dwarf Mistletoe
Arceuthobium laricis,ARLA11,Larch Dwarf Mistletoe
Arceuthobium tsugense,ARTS,Hemlock Dwarf Mistletoe
Arceuthobium vaginatum,ARVA,Pineland Dwarf Mistletoe
Arctagrostis latifolia,ARLA2,Wideleaf Polargrass
Arctomecon californica,ARCA4,California Bearpoppy
Arctomecon humilis,ARHU3,Common Bearpoppy
Arctomecon merriamii,ARME2,Desert Bearpoppy
Arctophila fulva,ARFU2,Pendantgrass
Arctostaphylos alpina,ARAL2,Alpine Bearberry
Arctostaphylos canescens,ARCA5,Hoary Manzanita
Arctostaphylos columbiana,ARCO3,Hairy Manzanita
Arctostaphylos densiflora,ARDE2,Vine Hill Manzanita
Arctostaphylos edmundsii,ARED,Little Sur Manzanita
Arctostaphylos glandulosa,ARGL3,Eastwood's Manzanita
Arctostaphylos glauca,ARGL4,Bigberry Manzanita
Arctostaphylos hookeri,ARHO3,Hooker's Manzanita
Arctostaphylos imbricata,ARIM,San Bruno Mountain Manzanita
Arctostaphylos insularis,ARIN2,Island Manzanita
Arctostaphylos manzanita,ARMA,Whiteleaf Manzanita
Arctostaphylos montaraensis,ARMO5,Montara Manzanita
Arctostaphylos nevadensis,ARNE,Pinemat Manzanita
Arctostaphylos pajaroensis,ARPA3,Pajaro Manzanita
Arctostaphylos patula,ARPA6,Greenleaf Manzanita
Arctostaphylos pringlei,ARPR,Pringle Manzanita
Arctostaphylos pungens,ARPU5,Pointleaf Manzanita
Arctostaphylos rubra,ARRU,Red Fruit Bearberry
Arctostaphylos tomentosa,ARTO2,Woollyleaf Manzanita
Arctostaphylos uva-ursi,ARUV,Kinnikinnick
Arctostaphylos virgata,ARVI3,Bolinas Manzanita
Arctostaphylos viscida,ARVI4,Sticky Whiteleaf Manzanita
Arctostaphylos ×cinerea,ARCI,Waldo Manzanita
Ardisia escallonoides,ARES,Island Marlberry
Arenaria aculeata,ARAC2,Prickly Sandwort
Arenaria capillaris,ARCA7,Slender Mountain Sandwort
Arenaria congesta,ARCO5,Ballhead Sandwort
Arenaria hookeri,ARHO4,Hooker's Sandwort
Arenaria kingii,ARKI,King's Sandwort
Argemone albiflora,ARAL3,Bluestem Pricklypoppy
Argemone aurantiaca,ARAU2,Texas Pricklypoppy
Argemone corymbosa,ARCO6,Mojave Pricklypoppy
Argemone glauca,ARGL10,Smooth Pricklypoppy
Argemone mexicana,ARME4,Mexican Pricklypoppy
Argemone munita,ARMU,Flatbud Pricklypoppy
Argemone pleiacantha,ARPL3,Southwestern Pricklypoppy
Argemone polyanthemos,ARPO2,Crested Pricklypoppy
Argentina anserina,ARAN7,Silverweed Cinquefoil
Argentina egedii,AREG,Pacific Silverweed
Argythamnia blodgettii,ARBL2,Blodgett's Silverbush
Arisaema dracontium,ARDR3,Green Dragon
Arisaema triphyllum,ARTR,Jack In The Pulpit
Aristida arizonica,ARAR6,Arizona Threeawn
Aristida basiramea,ARBA2,Forked Threeawn
Aristida dichotoma,ARDI4,Churchmouse Threeawn
Aristida divaricata,ARDI5,Poverty Threeawn
Aristida longespica,ARLO16,Slimspike Threeawn
Aristida oligantha,AROL,Prairie Threeawn
Aristida purpurascens,ARPU8,Arrowfeather Threeawn
Aristida purpurea,ARPU9,Purple Threeawn
Aristida stricta,ARST5,Pineland Threeawn
Aristolochia californica,ARCA10,California Dutchman's Pipe
Aristolochia erecta,ARER,Swanflower
Aristolochia macrophylla,ARMA7,Pipevine
Aristolochia pentandra,ARPE8,Marsh's Dutchman's Pipe
Aristolochia reticulata,ARRE3,Texas Dutchman's Pipe
Aristolochia serpentaria,ARSE3,Virginia Snakeroot
Aristolochia tomentosa,ARTO3,Woolly Dutchman's Pipe
Aristolochia watsonii,ARWA,Watson's Dutchman's Pipe
Armeria maritima,ARMA6,Thrift Seapink
Arnica amplexicaulis,ARAM2,Clasping Arnica
Arnica angustifolia,ARAN5,Narrowleaf Arnica
Arnica chamissonis,ARCH3,Chamisso Arnica
Arnica cordifolia,ARCO9,Heartleaf Arnica
Arnica frigida,ARFR2,Snow Arnica
Arnica fulgens,ARFU3,Foothill Arnica
Arnica lanceolata,ARLA7,Lanceleaf Arnica
Arnica latifolia,ARLA8,Broadleaf Arnica
Arnica longifolia,ARLO6,Spearleaf Arnica
Arnica mollis,ARMO4,Hairy Arnica
Arnica parryi,ARPA13,Parry's Arnica
Arnica ×diversifolia,ARDI7,Rayless Arnica
Arnoglossum atriplicifolium,ARAT,Pale Indian Plantain
Arnoglossum ovatum,AROV,Ovateleaf Cacalia
Arnoglossum plantagineum,ARPL4,Groovestem Indian Plantain
Arnoglossum reniforme,ARRE6,Great Indian Plantain
Aronia arbutifolia,ARAR7,Red Chokeberry
Aronia melanocarpa,ARME6,Black Chokeberry
Aronia ×prunifolia,ARPR2,Purple Chokeberry
Artemisia arbuscula,ARAR8,Little Sagebrush
Artemisia arctica,ARAR9,Boreal Sagebrush
Artemisia californica,ARCA11,Coastal Sagebrush
Artemisia campestris,ARCA12,Field Sagewort
Artemisia cana,ARCA13,Silver Sagebrush
Artemisia douglasiana,ARDO3,Douglas' Sagewort
Artemisia dracunculus,ARDR4,Tarragon
Artemisia filifolia,ARFI2,Sand Sagebrush
Artemisia frigida,ARFR4,Prairie Sagewort
Artemisia furcata,ARFU4,Forked Wormwood
Artemisia ludoviciana,ARLU,White Sagebrush
Artemisia mauiensis,ARMA10,Maui Wormwood
Artemisia nova,ARNO4,Black Sagebrush
Artemisia palmeri,ARPA15,San Diego Sagewort
Artemisia pycnocephala,ARPY3,Beach Wormwood
Artemisia rigida,ARRI2,Scabland Sagebrush
Artemisia rothrockii,ARRO4,Timberline Sagebrush
Artemisia stelleriana,ARST6,Oldwoman
Artemisia tilesii,ARTI,Tilesius' Wormwood
Artemisia tridentata,ARTR2,Big Sagebrush
Artemisia tripartita,ARTR4,Threetip Sagebrush
Aruncus dioicus,ARDI8,Bride's Feathers
Arundinaria gigantea,ARGI,Giant Cane
Arundinaria tecta,ARTE4,Switchcane
Asarum canadense,ASCA,Canadian Wildginger
Asarum caudatum,ASCA2,British Columbia Wildginger
Asclepias albicans,ASAL,Whitestem Milkweed
Asclepias amplexicaulis,ASAM,Clasping Milkweed
Asclepias angustifolia,ASAN5,Arizona Milkweed
Asclepias arenaria,ASAR,Sand Milkweed
Asclepias asperula,ASAS,Spider Milkweed
Asclepias brachystephana,ASBR,Bract Milkweed
Asclepias californica,ASCA3,California Milkweed
Asclepias cordifolia,ASCO,Heartleaf Milkweed
Asclepias cryptoceras,ASCR,Pallid Milkweed
Asclepias curtissii,ASCU8,Curtiss' Milkweed
Asclepias engelmanniana,ASEN,Engelmann's Milkweed
Asclepias eriocarpa,ASER,Woollypod Milkweed
Asclepias erosa,ASER2,Desert Milkweed
Asclepias exaltata,ASEX,Poke Milkweed
Asclepias fascicularis,ASFA,Mexican Whorled Milkweed
Asclepias hirtella,ASHI,Green Milkweed
Asclepias humistrata,ASHU3,Pinewoods Milkweed
Asclepias hypoleuca,ASHY5,Mahogany Milkweed
Asclepias incarnata,ASIN,Swamp Milkweed
Asclepias lanceolata,ASLA2,Fewflower Milkweed
Asclepias latifolia,ASLA4,Broadleaf Milkweed
Asclepias linaria,ASLI6,Pineneedle Milkweed
Asclepias linearis,ASLI,Slim Milkweed
Asclepias longifolia,ASLO,Longleaf Milkweed
Asclepias michauxii,ASMI12,Michaux's Milkweed
Asclepias obovata,ASOB,Pineland Milkweed
Asclepias oenotheroides,ASOE,Hierba De Zizotes
Asclepias ovalifolia,ASOV,Oval-Leaf Milkweed
Asclepias perennis,ASPE,Aquatic Milkweed
Asclepias purpurascens,ASPU2,Purple Milkweed
Asclepias quadrifolia,ASQU,Fourleaf Milkweed
Asclepias rubra,ASRU,Red Milkweed
Asclepias speciosa,ASSP,Showy Milkweed
Asclepias stenophylla,ASST,Slimleaf Milkweed
Asclepias subulata,ASSU,Rush Milkweed
Asclepias subverticillata,ASSU2,Horsetail Milkweed
Asclepias sullivantii,ASSU3,Prairie Milkweed
Asclepias syriaca,ASSY,Common Milkweed
Asclepias texana,ASTE,Texas Milkweed
Asclepias tomentosa,ASTO,Tuba Milkweed
Asclepias tuberosa,ASTU,Butterfly Milkweed
Asclepias variegata,ASVA,Redring Milkweed
Asclepias verticillata,ASVE,Whorled Milkweed
Asclepias vestita,ASVE2,Woolly Milkweed
Asclepias viridiflora,ASVI,Green Comet Milkweed
Asclepias viridis,ASVI2,Green Milkweed
Asclepias welshii,ASWE3,Welsh's Milkweed
Asimina angustifolia,ASAN6,Slimleaf Pawpaw
Asimina incana,ASIN12,Woolly Pawpaw
Asimina obovata,ASOB6,Bigflower Pawpaw
Asimina parviflora,ASPA18,Smallflower Pawpaw
Asimina pygmea,ASPY2,Dwarf Pawpaw
Asimina reticulata,ASRE7,Netted Pawpaw
Asimina tetramera,ASTE11,Fourpetal Pawpaw
Asimina triloba,ASTR,Pawpaw
Aspidotis densa,ASDE6,Indian's Dream
Astelia menziesiana,ASME4,Pu'aakuhinia
Aster alpinus,ASAL3,Alpine Aster
Astragalus aequalis,ASAE,Clokey's Milkvetch
Astragalus agrestis,ASAG2,Purple Milkvetch
Astragalus allochrous,ASAL6,Halfmoon Milkvetch
Astragalus alpinus,ASAL7,Alpine Milkvetch
Astragalus amblytropis,ASAM2,Challis Milkvetch
Astragalus americanus,ASAM3,American Milkvetch
Astragalus amphioxys,ASAM5,Crescent Milkvetch
Astragalus ampullarius,ASAM6,Gumbo Milkvetch
Astragalus applegatei,ASAP,Applegate's Milkvetch
Astragalus atratus,ASAT,Mourning Milkvetch
Astragalus beckwithii,ASBE3,Beckwith's Milkvetch
Astragalus bisulcatus,ASBI2,Twogrooved Milkvetch
Astragalus bolanderi,ASBO2,Bolander's Milkvetch
Astragalus brauntonii,ASBR6,Braunton's Milkvetch
Astragalus calycosus,ASCA9,Torrey's Milkvetch
Astragalus canadensis,ASCA11,Canadian Milkvetch
Astragalus ceramicus,ASCE,Painted Milkvetch
Astragalus chamaeleuce,ASCH4,Cicada Milkvetch
Astragalus cibarius,ASCI2,Browse Milkvetch
Astragalus coltonii,ASCO8,Colton's Milkvetch
Astragalus crassicarpus,ASCR2,Groundplum Milkvetch
Astragalus crotalariae,ASCR5,Salton Milkvetch
Astragalus curvicarpus,ASCU4,Curvepod Milkvetch
Astragalus desperatus,ASDE3,Rimrock Milkvetch
Astragalus didymocarpus,ASDI3,Dwarf White Milkvetch
Astragalus distortus,ASDI4,Ozark Milkvetch
Astragalus douglasii,ASDO,Douglas's Milkvetch
Astragalus drummondii,ASDR3,Drummond's Milkvetch
Astragalus eremiticus,ASER4,Hermit Milkvetch
Astragalus eucosmus,ASEU2,Elegant Milkvetch
Astragalus filipes,ASFI,Basalt Milkvetch
Astragalus flavus,ASFL,Yellow Milkvetch
Astragalus flexuosus,ASFL2,Flexile Milkvetch
Astragalus geyeri,ASGE,Geyer's Milkvetch
Astragalus gracilis,ASGR3,Slender Milkvetch
Astragalus holmgreniorum,ASHO5,Paradox Milkvetch
Astragalus humillimus,ASHU,Mancos Milkvetch
Astragalus kentrophyta,ASKE,Spiny Milkvetch
Astragalus laxmannii,ASLA27,Laxmann's Milkvetch
Astragalus lentiginosus,ASLE8,Freckled Milkvetch
Astragalus limnocharis,ASLI3,Cedar Breaks Milkvetch
Astragalus miguelensis,ASMI6,San Miguel Milkvetch
Astragalus miser,ASMI9,Timber Milkvetch
Astragalus missouriensis,ASMI10,Missouri Milkvetch
Astragalus mollissimus,ASMO7,Woolly Locoweed
Astragalus newberryi,ASNE6,Newberry's Milkvetch
Astragalus nuttallianus,ASNU4,Smallflowered Milkvetch
Astragalus nuttallii,ASNU5,Nuttall's Milkvetch
Astragalus oniciformis,ASON2,Picabo Milkvetch
Astragalus osterhoutii,ASOS,Kremmling Milkvetch
Astragalus pectinatus,ASPE5,Narrowleaf Milkvetch
Astragalus plattensis,ASPL2,Platte River Milkvetch
Astragalus platytropis,ASPL3,Broadkeel Milkvetch
Astragalus porrectus,ASPO3,Lahontan Milkvetch
Astragalus praelongus,ASPR5,Stinking Milkvetch
Astragalus preussii,ASPR6,Preuss' Milkvetch
Astragalus purshii,ASPU9,Woollypod Milkvetch
Astragalus racemosus,ASRA2,Cream Milkvetch
Astragalus robbinsii,ASRO,Robbins' Milkvetch
Astragalus spatulatus,ASSP6,Tufted Milkvetch
Astragalus tenellus,ASTE5,Looseflower Milkvetch
Astragalus trichopodus,ASTR6,Santa Barbara Milkvetch
Astragalus utahensis,ASUT,Utah Milkvetch
Astragalus whitneyi,ASWH,Balloonpod Milkvetch
Athyrium filix-femina,ATFI,Common Ladyfern
Athysanus pusillus,ATPU,Common Sandweed
Atrichoseris platyphylla,ATPL,Parachute Plant
Atriplex argentea,ATAR2,Silverscale Saltbush
Atriplex canescens,ATCA2,Fourwing Saltbush
Atriplex confertifolia,ATCO,Shadscale Saltbush
Atriplex cordulata,ATCO2,Heartscale
Atriplex cristata,ATCR2,Crested Saltbush
Atriplex falcata,ATFA,Sickle Saltbush
Atriplex gardneri,ATGA,Gardner's Saltbush
Atriplex glabriuscula,ATGL,Scotland Orache
Atriplex hymenelytra,ATHY,Desertholly
Atriplex lentiformis,ATLE,Big Saltbush
Atriplex leucophylla,ATLE2,Beach Saltbush
Atriplex nuttallii,ATNU2,Nuttall's Saltbush
Atriplex polycarpa,ATPO,Cattle Saltbush
Atriplex prostrata,ATPR,Triangle Orache
Atriplex subspicata,ATSU2,Saline Saltbush
Atriplex ×aptera,ATAP,Moundscale
Aureolaria flava,AUFL,Smooth Yellow False Foxglove
Aureolaria grandiflora,AUGR,Largeflower Yellow False Foxglove
Aureolaria laevigata,AULA,Entireleaf Yellow False Foxglove
Aureolaria pedicularia,AUPE2,Fernleaf Yellow False Foxglove
Aureolaria virginica,AUVI,Downy Yellow False Foxglove
Avicennia germinans,AVGE,Black Mangrove
Axonopus compressus,AXCO,Broadleaf Carpetgrass
Azolla filiculoides,AZFI,Pacific Mosquitofern
Baccharis angustifolia,BAAN,Saltwater False Willow
Baccharis bigelovii,BABI,Bigelow's False Willow
Baccharis brachyphylla,BABR,Shortleaf Baccharis
Baccharis douglasii,BADO,Saltmarsh Baccharis
Baccharis emoryi,BAEM,Emory's Baccharis
Baccharis halimifolia,BAHA,Eastern Baccharis
Baccharis neglecta,BANE2,Rooseveltweed
Baccharis pilularis,BAPI,Coyotebrush
Baccharis plummerae,BAPL,Plummer's Baccharis
Baccharis salicifolia,BASA4,Mule-Fat
Baccharis sarothroides,BASA2,Desertbroom
Bacopa monnieri,BAMO,Herb Of Grace
Bacopa rotundifolia,BARO,Disk Waterhyssop
Bahia absinthifolia,BAAB,Hairyseed Bahia
Bahia dissecta,BADI,Ragleaf Bahia
Bahia pedata,BAPE,Bluntscale Bahia
Baileya multiradiata,BAMU,Desert Marigold
Baileya pauciradiata,BAPA,Laxflower
Baileya pleniradiata,BAPL3,Woolly Desert Marigold
Balduina angustifolia,BAAN3,Coastal Plain Honeycombhead
Balsamorhiza careyana,BACA3,Carey's Balsamroot
Balsamorhiza deltoidea,BADE2,Deltoid Balsamroot
Balsamorhiza hookeri,BAHO,Hooker's Balsamroot
Balsamorhiza incana,BAIN,Hoary Balsamroot
Balsamorhiza macrolepis,BAMA3,California Balsamroot
Balsamorhiza macrophylla,BAMA4,Cutleaf Balsamroot
Balsamorhiza sagittata,BASA3,Arrowleaf Balsamroot
Balsamorhiza serrata,BASE2,Serrate Balsamroot
Baptisia alba,BAAL,White Wild Indigo
Baptisia australis,BAAU,Blue False Indigo
Baptisia bracteata,BABR2,Cream Wild Indigo
Baptisia cinerea,BACI,Grayhairy Wild Indigo
Baptisia lanceolata,BALA3,Gopherweed
Baptisia nuttalliana,BANU2,Nuttall's Wild Indigo
Baptisia sphaerocarpa,BASP,Yellow Wild Indigo
Baptisia tinctoria,BATI,Horseflyweed
Barbarea orthoceras,BAOR,American Yellowrocket
Barkleyanthus salicifolius,BASA5,Willow Ragwort
Bassia americana,BAAM4,Green Molly
Batis maritima,BAMA5,Turtleweed
Bebbia juncea,BEJU,Sweetbush
Beckmannia syzigachne,BESY,American Sloughgrass
Bejaria racemosa,BERA3,Flyweed
Berberis canadensis,BECA2,American Barberry
Berberis fendleri,BEFE,Colorado Barberry
Berchemia scandens,BESC,Alabama Supplejack
Berlandiera lyrata,BELY,Lyreleaf Greeneyes
Bernardia myricifolia,BEMY,Mouse's Eye
Berula erecta,BEER,Cutleaf Waterparsnip
Besseya alpina,BEAL,Alpine Besseya
Betula alleghaniensis,BEAL2,Yellow Birch
Betula glandulosa,BEGL,Resin Birch
Betula lenta,BELE,Sweet Birch
Betula minor,BEMI,Dwarf White Birch
Betula nana,BENA,Dwarf Birch
Betula nigra,BENI,River Birch
Betula occidentalis,BEOC2,Water Birch
Betula papyrifera,BEPA,Paper Birch
Betula populifolia,BEPO,Gray Birch
Betula pumila,BEPU4,Bog Birch
Bidens alba,BIAL,Romerillo
Bidens aristosa,BIAR,Bearded Beggarticks
Bidens beckii,BIBE2,Beck's Water-Marigold
Bidens bigelovii,BIBI,Bigelow's Beggarticks
Bidens bipinnata,BIBI7,Spanish Needles
Bidens cernua,BICE,Nodding Beggartick
Bidens connata,BICO5,Purplestem Beggarticks
Bidens coronata,BICO,Crowned Beggarticks
Bidens cosmoides,BICO6,Cosmosflower Beggarticks
Bidens discoidea,BIDI,Small Beggarticks
Bidens eatonii,BIEA,Eaton's Beggarticks
Bidens frondosa,BIFR,Devil's Beggartick
Bidens hawaiensis,BIHA,Hawai'i Beggarticks
Bidens hyperborea,BIHY,Estuary Beggarticks
Bidens laevis,BILA,Smooth Beggartick
Bidens leptocephala,BILE,Fewflower Beggarticks
Bidens mitis,BIMI,Smallfruit Beggarticks
Bidens torta,BITO,Corkscrew Beggarticks
Bidens tripartita,BITR,Threelobe Beggarticks
Bidens vulgata,BIVU,Big Devils Beggartick
Bigelowia nudata,BINU,Pineland Rayless Goldenrod
Bignonia capreolata,BICA,Crossvine
Blechnum spicant,BLSP,Deer Fern
Blennosperma nanum,BLNA,Common Stickyseed
Blepharoneuron tricholepis,BLTR,Pine Dropseed
Blephilia ciliata,BLCI,Downy Pagoda-Plant
Blephilia hirsuta,BLHI,Hairy Pagoda-Plant
Bloomeria crocea,BLCR,Common Goldenstar
Boehmeria cylindrica,BOCY,Smallspike False Nettle
Boerhavia coccinea,BOCO,Scarlet Spiderling
Bolboschoenus fluviatilis,BOFL3,River Bulrush
Bolboschoenus maritimus,BOMA7,Cosmopolitan Bulrush
Bolboschoenus robustus,BORO5,Sturdy Bulrush
Boltonia asteroides,BOAS,White Doll's Daisy
Boltonia caroliniana,BOCA2,Carolina Doll's Daisy
Boltonia diffusa,BODI,Smallhead Doll's Daisy
Bonamia ovalifolia,BOOV2,Bigpod Lady's Nightcap
Borrichia frutescens,BOFR,Bushy Seaside Tansy
Bothriochloa barbinodis,BOBA3,Cane Bluestem
Botrychium lanceolatum,BOLA,Lanceleaf Grapefern
Botrychium lunaria,BOLU,Common Moonwort
Botrychium virginianum,BOVI,Rattlesnake Fern
Bourreria succulenta,BOSU2,Bodywood
Bouteloua aristidoides,BOAR,Needle Grama
Bouteloua breviseta,BOBR,Gypsum Grama
Bouteloua curtipendula,BOCU,Side-Oats Grama
Bouteloua dactyloides,BODA2,Buffalo Grass
Bouteloua eriopoda,BOER4,Black Grama
Bouteloua gracilis,BOGR2,Blue Grama
Bouteloua hirsuta,BOHI2,Hairy Grama
Bouteloua repens,BORE2,Slender Grama
Bouvardia ternifolia,BOTE2,Firecrackerbush
Bowlesia incana,BOIN3,Hoary Bowlesia
Brachyelytrum aristosum,BRAR9,Northern Shorthusk
Brachyelytrum erectum,BRER2,Bearded Shorthusk
Brasenia schreberi,BRSC,Watershield
Brickellia californica,BRCA3,California Brickellbush
Brickellia eupatorioides,BREU,False Boneset
Brickellia grandiflora,BRGR,Tasselflower Brickellbush
Brickellia rusbyi,BRRU,Stinking Brickellbush
Brighamia insignis,BRIN4,Cabbage On A Stick
Brodiaea coronaria,BRCO3,Crown Brodiaea
Brodiaea elegans,BREL,Harvest Brodiaea
Brodiaea terrestris,BRTE4,Dwarf Brodiaea
Bromus anomalus,BRAN,Nodding Brome
Bromus carinatus,BRCA5,California Brome
Bromus ciliatus,BRCI2,Fringed Brome
Bromus kalmii,BRKA2,Arctic Brome
Bromus latiglumis,BRLA4,Earlyleaf Brome
Bromus marginatus,BRMA4,Mountain Brome
Bromus polyanthus,BRPO,Great Basin Brome
Bromus pubescens,BRPU6,Hairy Woodland Brome
Bromus sitchensis,BRSI,Alaska Brome
Bromus vulgaris,BRVU,Columbia Brome
Broussaisia arguta,BRAR6,Kanawao
Brunnichia ovata,BROV4,American Buckwheat Vine
Buchnera americana,BUAM,American Bluehearts
Bucida buceras,BUBU,Gregorywood
Buddleja marrubiifolia,BUMA,Woolly Butterflybush
Buddleja racemosa,BURA,Wand Butterflybush
Buddleja scordioides,BUSC,Escobilla Butterflybush
Buddleja sessiliflora,BUSE,Rio Grande Butterflybush
Bursera simaruba,BUSI,Gumbo Limbo
Byrsonima lucida,BYLU,Long Key Locustberry
Cacaliopsis nardosmia,CANA5,Silvercrown
Caesalpinia bonduc,CABO6,Yellow Nicker
Caesalpinia kavaiensis,CAKA5,Uhiuhi
Cakile edentula,CAED,American Searocket
Calamagrostis breweri,CABR,Shorthair Reedgrass
Calamagrostis canadensis,CACA4,Bluejoint
Calamagrostis coarctata,CACO71,Nuttall's Reedgrass
Calamagrostis pickeringii,CAPI,Pickering's Reedgrass
Calamagrostis purpurascens,CAPU,Purple Reedgrass
Calamagrostis rubescens,CARU,Pinegrass
Calamagrostis stricta,CAST36,Slimstem Reedgrass
Calamovilfa longifolia,CALO,Prairie Sandreed
Calandrinia ciliata,CACI2,Fringed Redmaids
Calliandra eriophylla,CAER,Fairyduster
Callicarpa americana,CAAM2,American Beautyberry
Callirhoe alcaeoides,CAAL,Light Poppymallow
Callirhoe bushii,CABU8,Bush's Poppymallow
Callirhoe digitata,CADI2,Winecup
Callirhoe involucrata,CAIN2,Purple Poppy Mallow
Callirhoe leiocarpa,CALE2,Tall Poppymallow
Callirhoe papaver,CAPA2,Woodland Poppymallow
Callirhoe pedata,CAPE23,Palmleaf Poppymallow
Callirhoe scabriuscula,CASC4,Texas Poppymallow
Callitriche hermaphroditica,CAHE2,Northern Water-Starwort
Callitriche heterophylla,CAHE3,Twoheaded Water-Starwort
Callitriche palustris,CAPA52,Vernal Water-Starwort
Callitropsis nootkatensis,CANO9,Alaska Cedar
Calocedrus decurrens,CADE27,Incense Cedar
Calochortus albus,CAAL2,White Fairy-Lantern
Calochortus aureus,CAAU8,Golden Mariposa Lily
Calochortus clavatus,CACL,Clubhair Mariposa Lily
Calochortus concolor,CACO4,Goldenbowl Mariposa Lily
Calochortus eurycarpus,CAEU,White Mariposa Lily
Calochortus flexuosus,CAFL,Winding Mariposa Lily
Calochortus gunnisonii,CAGU,Gunnison's Mariposa Lily
Calochortus invenustus,CAIN3,Plain Mariposa Lily
Calochortus kennedyi,CAKE,Desert Mariposa Lily
Calochortus leichtlinii,CALE3,Smokey Mariposa
Calochortus luteus,CALU9,Yellow Mariposa Lily
Calochortus lyallii,CALY,Lyall's Mariposa Lily
Calochortus macrocarpus,CAMA5,Sagebrush Mariposa Lily
Calochortus minimus,CAMI,Sierra Mariposa Lily
Calochortus nuttallii,CANU3,Sego Lily
Calochortus plummerae,CAPL2,Plummer's Mariposa Lily
Calochortus pulchellus,CAPU2,Mt. Diablo Fairy-Lantern
Calochortus splendens,CASP,Splendid Mariposa Lily
Calochortus striatus,CAST2,Alkali Mariposa Lily
Calochortus subalpinus,CASU2,Subalpine Mariposa Lily
Calochortus superbus,CASU3,Yellow Mariposa
Calochortus tolmiei,CATO,Tolmie Star-Tulip
Calochortus venustus,CAVE3,Butterfly Mariposa Lily
Caltha leptosepala,CALE4,White Marsh Marigold
Caltha palustris,CAPA5,Yellow Marsh Marigold
Calycanthus floridus,CAFL22,Eastern Sweetshrub
Calycanthus occidentalis,CAOC5,Western Sweetshrub
Calycocarpum lyonii,CALY2,Cupseed
Calycoseris parryi,CAPA7,Yellow Tackstem
Calycoseris wrightii,CAWR,White Tackstem
Calylophus berlandieri,CABE6,Berlandier's Sundrops
Calylophus hartwegii,CAHA14,Hartweg's Sundrops
Calylophus lavandulifolius,CALA38,Lavenderleaf Sundrops
Calylophus serrulatus,CASE12,Yellow Sundrops
Calylophus toumeyi,CATO12,Toumey's Sundrops
Calylophus tubicula,CATU6,Texas Sundrops
Calypso bulbosa,CABU,Fairy Slipper
Calystegia atriplicifolia,CAAT9,Nightblooming False Bindweed
Calystegia longipes,CALO12,Paiute False Bindweed
Calystegia macrostegia,CAMA24,Island False Bindweed
Calystegia malacophylla,CAMA38,Sierra False Bindweed
Calystegia spithamaea,CASP14,Low False Bindweed
Calystegia subacaulis,CASU19,Hillside False Bindweed
Camassia leichtlinii,CALE5,Large Camas
Camassia quamash,CAQU2,Small Camas
Camassia scilloides,CASC5,Atlantic Camas
Camissonia benitensis,CABE7,San Benito Suncup
Camissonia bistorta,CABI12,Southern Suncup
Camissonia brevipes,CABR23,Yellow Cups
Camissonia californica,CACA32,California Suncup
Camissonia campestris,CACA33,Mojave Suncup
Camissonia cardiophylla,CACA34,Heartleaf Suncup
Camissonia chamaenerioides,CACH12,Longcapsule Suncup
Camissonia cheiranthifolia,CACH13,Beach Suncup
Camissonia claviformis,CACL4,Browneyes
Camissonia contorta,CACO34,Plains Evening Primrose
Camissonia eastwoodiae,CAEA,Grand Junction Camissonia
Camissonia multijuga,CAMU13,Froststem Suncup
Camissonia ovata,CAOV4,Goldeneggs
Camissonia refracta,CARE2,Narrowleaf Suncup
Camissonia scapoidea,CASC18,Paiute Suncup
Camissonia sierrae,CASI9,Sierra Suncup
Camissonia strigulosa,CAST20,Sandysoil Suncup
Camissonia tanacetifolia,CATA2,Tansyleaf Evening Primrose
Campanula aparinoides,CAAP2,Marsh Bellflower
Campanula rotundifolia,CARO2,Bluebell Bellflower
Campanulastrum americanum,CAAM18,American Bellflower
Campsis radicans,CARA2,Trumpet Creeper
Canadanthus modestus,CAMO32,Giant Mountain Aster
Canavalia galeata,CAGA,Awikiwiki
Canavalia hawaiiensis,CAHA12,Puakauhi
Canavalia kauaiensis,CAKA3,Kauai Jackbean
Canavalia pubescens,CAPU14,Lavafield Jackbean
Canavalia rosea,CARO26,Baybean
Canella winterana,CAWI,Wild Cinnamon
Canna flaccida,CAFL11,Bandanna Of The Everglades
Capparis cynophallophora,CACY,Jamaican Caper
Capparis flexuosa,CAFL2,Falseteeth
Capparis sandwichiana,CASA4,Native Caper
Cardamine angulata,CAAN5,Seaside Bittercress
Cardamine angustata,CAAN11,Slender Toothwort
Cardamine bellidifolia,CABE,Alpine Bittercress
Cardamine breweri,CABR6,Brewer's Bittercress
Cardamine bulbosa,CABU3,Bulbous Bittercress
Cardamine californica,CACA39,Milkmaids
Cardamine concatenata,CACO26,Cutleaf Toothwort
Cardamine cordifolia,CACO6,Heartleaf Bittercress
Cardamine diphylla,CADI10,Crinkleroot
Cardamine douglassii,CADO,Limestone Bittercress
Cardamine longii,CALO11,Long's Bittercress
Cardamine maxima,CAMA36,Large Toothwort
Cardamine nuttallii,CANU17,Nuttall's Toothwort
Cardamine oligosperma,CAOL,Little Western Bittercress
Cardamine parviflora,CAPA12,Sand Bittercress
Cardamine penduliflora,CAPE2,Willamette Valley Bittercress
Cardamine pensylvanica,CAPE3,Pennsylvania Bittercress
Cardamine pratensis,CAPR3,Cuckoo Flower
Cardamine ×incisa,CAIN20,Bittercress
Carex abscondita,CAAB5,Thicket Sedge
Carex adusta,CAAD2,Lesser Brown Sedge
Carex aestivalis,CAAE2,Summer Sedge
Carex alata,CAAL3,Broadwing Sedge
Carex albicans,CAAL25,Whitetinge Sedge
Carex albolutescens,CAAL5,Greenwhite Sedge
Carex albursina,CAAL11,White Bear Sedge
Carex alopecoidea,CAAL8,Foxtail Sedge
Carex amphibola,CAAM8,Eastern Narrowleaf Sedge
Carex annectens,CAAN6,Yellowfruit Sedge
Carex aperta,CAAP3,Columbian Sedge
Carex appalachica,CAAP5,Appalachian Sedge
Carex aquatilis,CAAQ,Water Sedge
Carex arcta,CAAR2,Northern Cluster Sedge
Carex arctata,CAAR3,Drooping Woodland Sedge
Carex argyrantha,CAAR4,Hay Sedge
Carex atherodes,CAAT2,Wheat Sedge
Carex athrostachya,CAAT3,Slenderbeak Sedge
Carex atlantica,CAAT4,Prickly Bog Sedge
Carex atratiformis,CAAT6,Scrabrous Black Sedge
Carex atrofusca,CAAT7,Darkbrown Sedge
Carex aurea,CAAU3,Golden Sedge
Carex backii,CABA3,Back's Sedge
Carex baileyi,CABA7,Bailey's Sedge
Carex barrattii,CABA9,Barratt's Sedge
Carex bebbii,CABE2,Bebb's Sedge
Carex bella,CABE3,Southwestern Showy Sedge
Carex bicknellii,CABI3,Bicknell's Sedge
Carex bigelowii,CABI5,Bigelow's Sedge
Carex billingsii,CABI22,Billings' Sedge
Carex blanda,CABL,Eastern Woodland Sedge
Carex brevior,CABR10,Shortbeak Sedge
Carex bromoides,CABR14,Brome-Like Sedge
Carex brunnescens,CABR15,Brownish Sedge
Carex bullata,CABU7,Button Sedge
Carex bushii,CABU5,Bush's Sedge
Carex buxbaumii,CABU6,Buxbaum's Sedge
Carex canescens,CACA11,Silvery Sedge
Carex capillaris,CACA12,Hair-Like Sedge
Carex castanea,CACA16,Chestnut Sedge
Carex cephaloidea,CACE2,Thinleaf Sedge
Carex cephalophora,CACE,Oval-Leaf Sedge
Carex chordorrhiza,CACH5,Creeping Sedge
Carex collinsii,CACO21,Collins' Sedge
Carex communis,CACO7,Fibrousroot Sedge
Carex comosa,CACO8,Longhair Sedge
Carex concinna,CACO10,Low Northern Sedge
Carex conoidea,CACO14,Openfield Sedge
Carex crawei,CACR3,Crawe's Sedge
Carex crawfordii,CACR4,Crawford's Sedge
Carex crinita,CACR6,Fringed Sedge
Carex cristatella,CACR7,Crested Sedge
Carex crus-corvi,CACR8,Ravenfoot Sedge
Carex cryptolepis,CACR9,Northeastern Sedge
Carex cusickii,CACU5,Cusick's Sedge
Carex davisii,CADA,Davis' Sedge
Carex debilis,CADE5,White Edge Sedge
Carex decomposita,CADE6,Cypressknee Sedge
Carex deflexa,CADE7,Northern Sedge
Carex densa,CADE8,Dense Sedge
Carex deweyana,CADE9,Dewey Sedge
Carex diandra,CADI4,Lesser Panicled Sedge
Carex digitalis,CADI5,Slender Woodland Sedge
Carex disperma,CADI6,Softleaf Sedge
Carex douglasii,CADO2,Douglas' Sedge
Carex eburnea,CAEB2,Bristleleaf Sedge
Carex echinata,CAEC,Star Sedge
Carex emoryi,CAEM2,Emory's Sedge
Carex exilis,CAEX7,Coastal Sedge
Carex exserta,CAEX4,Shorthair Sedge
Carex exsiccata,CAEX5,Western Inflated Sedge
Carex festucacea,CAFE3,Fescue Sedge
Carex feta,CAFE4,Greensheath Sedge
Carex filifolia,CAFI,Threadleaf Sedge
Carex flaccosperma,CAFL3,Thinfruit Sedge
Carex flava,CAFL4,Yellow Sedge
Carex folliculata,CAFO6,Northern Long Sedge
Carex formosa,CAFO4,Handsome Sedge
Carex frankii,CAFR3,Frank's Sedge
Carex garberi,CAGA3,Elk Sedge
Carex geophila,CAGE,White Mountain Sedge
Carex geyeri,CAGE2,Geyer's Sedge
Carex glaucescens,CAGL5,Southern Waxy Sedge
Carex glaucodea,CAGL6,Blue Sedge
Carex gracilescens,CAGR8,Slender Looseflower Sedge
Carex gracillima,CAGR2,Graceful Sedge
Carex granularis,CAGR3,Limestone Meadow Sedge
Carex grayi,CAGR5,Gray's Sedge
Carex grisea,CAGR24,Inflated Narrow-Leaf Sedge
Carex gynandra,CAGY4,Nodding Sedge
Carex gynocrates,CAGY2,Northern Bog Sedge
Carex halliana,CAHA2,Hall's Sedge
Carex haydenii,CAHA7,Hayden's Sedge
Carex hendersonii,CAHE7,Henderson's Sedge
Carex hirsutella,CAHI6,Fuzzy Wuzzy Sedge
Carex hirtifolia,CAHI5,Pubescent Sedge
Carex hitchcockiana,CAHI8,Hitchcock's Sedge
Carex hormathodes,CAHO8,Marsh Straw Sedge
Carex houghtoniana,CAHO9,Houghton's Sedge
Carex hyalinolepis,CAHY3,Shoreline Sedge
Carex hystericina,CAHY4,Bottlebrush Sedge
Carex inops,CAIN9,Long-Stolon Sedge
Carex interior,CAIN11,Inland Sedge
Carex interrupta,CAIN17,Greenfruit Sedge
Carex intumescens,CAIN12,Greater Bladder Sedge
Carex joorii,CAJO2,Cypress Swamp Sedge
Carex lacustris,CALA16,Hairy Sedge
Carex laevivaginata,CALA14,Smoothsheath Sedge
Carex lasiocarpa,CALA11,Woollyfruit Sedge
Carex laxiculmis,CALA18,Spreading Sedge
Carex laxiflora,CALA19,Broad Looseflower Sedge
Carex lenticularis,CALE8,Lakeshore Sedge
Carex leptalea,CALE10,Bristlystalked Sedge
Carex leptonervia,CALE11,Nerveless Woodland Sedge
Carex leptopoda,CALE24,Taperfruit Shortscale Sedge
Carex limosa,CALI7,Mud Sedge
Carex livida,CALI,Livid Sedge
Carex longii,CALO5,Long's Sedge
Carex lucorum,CALU17,Blue Ridge Sedge
Carex lupuliformis,CALU3,False Hop Sedge
Carex lupulina,CALU4,Hop Sedge
Carex lurida,CALU5,Shallow Sedge
Carex luzulina,CALU7,Woodrush Sedge
Carex mackenziei,CAMA8,Mackenzie's Sedge
Carex magellanica,CAMA12,Boreal Bog Sedge
Carex mariposana,CAMA13,Mariposa Sedge
Carex meadii,CAME2,Mead's Sedge
Carex merritt-fernaldii,CAME12,Fernald's Sedge
Carex mertensii,CAME6,Mertens' Sedge
Carex mesochorea,CAME13,Midland Sedge
Carex michauxiana,CAMI15,Michaux's Sedge
Carex microptera,CAMI7,Smallwing Sedge
Carex misandra,CAMI10,Shortleaved Sedge
Carex mitchelliana,CAMI18,Mitchell's Sedge
Carex molesta,CAMO11,Troublesome Sedge
Carex muehlenbergii,CAMU4,Muhlenberg's Sedge
Carex muskingumensis,CAMU9,Muskingum Sedge
Carex nebrascensis,CANE2,Nebraska Sedge
Carex nigra,CANI5,Smooth Black Sedge
Carex nigromarginata,CANI3,Black Edge Sedge
Carex normalis,CANO,Greater Straw Sedge
Carex novae-angliae,CANO4,New England Sedge
Carex obnupta,CAOB3,Slough Sedge
Carex oklahomensis,CAOK,Oklahoma Sedge
Carex oligocarpa,CAOL2,Richwoods Sedge
Carex oligosperma,CAOL3,Fewseed Sedge
Carex ormostachya,CAOR5,Necklace Spike Sedge
Carex oronensis,CAOR6,Orono Sedge
Carex ovalis,CAOV8,Eggbract Sedge
Carex pachystachya,CAPA14,Chamisso Sedge
Carex paleacea,CAPA29,Chaffy Sedge
Carex pallescens,CAPA17,Pale Sedge
Carex pauciflora,CAPA19,Fewflower Sedge
Carex peckii,CAPE11,Peck's Sedge
Carex pedunculata,CAPE4,Longstalk Sedge
Carex pellita,CAPE42,Woolly Sedge
Carex pensylvanica,CAPE6,Pennsylvania Sedge
Carex planostachys,CAPL3,Cedar Sedge
Carex plantaginea,CAPL4,Plantainleaf Sedge
Carex platyphylla,CAPL5,Broadleaf Sedge
Carex polymorpha,CAPO4,Variable Sedge
Carex praegracilis,CAPR5,Clustered Field Sedge
Carex prairea,CAPR6,Prairie Sedge
Carex prasina,CAPR12,Drooping Sedge
Carex praticola,CAPR7,Meadow Sedge
Carex projecta,CAPR9,Necklace Sedge
Carex pseudocyperus,CAPS,Cypress-Like Sedge
Carex radiata,CARA8,Eastern Star Sedge
Carex rariflora,CARA5,Looseflower Alpine Sedge
Carex raynoldsii,CARA6,Raynolds' Sedge
Carex recta,CARE14,Estuary Sedge
Carex retroflexa,CARE9,Reflexed Sedge
Carex retrorsa,CARE4,Knotsheath Sedge
Carex reznicekii,CARE18,Reznicek's Sedge
Carex richardsonii,CARI,Richardson's Sedge
Carex rosea,CARO22,Rosy Sedge
Carex rossii,CARO5,Ross' Sedge
Carex rostrata,CARO6,Beaked Sedge
Carex rupestris,CARU3,Curly Sedge
Carex saxatilis,CASA10,Rock Sedge
Carex scabrata,CASC13,Eastern Rough Sedge
Carex schweinitzii,CASC9,Schweinitz's Sedge
Carex scirpoidea,CASC10,Northern Singlespike Sedge
Carex scoparia,CASC11,Broom Sedge
Carex scopulorum,CASC12,Mountain Sedge
Carex seorsa,CASE6,Weak Stellate Sedge
Carex shortiana,CASH2,Short's Sedge
Carex siccata,CASI12,Dryspike Sedge
Carex silicea,CASI6,Beach Sedge
Carex simulata,CASI2,Analogue Sedge
Carex sparganioides,CASP3,Bur-Reed Sedge
Carex spectabilis,CASP5,Showy Sedge
Carex spissa,CASP6,San Diego Sedge
Carex sprengelii,CASP7,Sprengel's Sedge
Carex squarrosa,CASQ2,Squarrose Sedge
Carex sterilis,CAST16,Dioecious Sedge
Carex stipata,CAST5,Awlfruit Sedge
Carex straminea,CAST6,Eastern Straw Sedge
Carex striata,CAST41,Walter's Sedge
Carex striatula,CAST17,Lined Sedge
Carex stricta,CAST8,Upright Sedge
Carex styloflexa,CAST9,Bent Sedge
Carex swanii,CASW,Swan's Sedge
Carex sychnocephala,CASY,Manyhead Sedge
Carex tenera,CATE3,Quill Sedge
Carex tenuiflora,CATE5,Sparseflower Sedge
Carex tetanica,CATE6,Rigid Sedge
Carex tincta,CATI2,Tinged Sedge
Carex tonsa,CATO10,Shaved Sedge
Carex torta,CATO4,Twisted Sedge
Carex tribuloides,CATR7,Blunt Broom Sedge
Carex trichocarpa,CATR8,Hairyfruit Sedge
Carex trisperma,CATR10,Threeseeded Sedge
Carex tuckermanii,CATU2,Tuckerman's Sedge
Carex tumulicola,CATU3,Splitawn Sedge
Carex typhina,CATY,Cattail Sedge
Carex umbellata,CAUM4,Parasol Sedge
Carex utriculata,CAUT,Northwest Territory Sedge
Carex vaginata,CAVA2,Sheathed Sedge
Carex vesicaria,CAVE6,Blister Sedge
Carex vestita,CAVE9,Velvet Sedge
Carex virescens,CAVI4,Ribbed Sedge
Carex viridula,CAVI5,Little Green Sedge
Carex vulpinoidea,CAVU2,Fox Sedge
Carex wiegandii,CAWI7,Wiegand's Sedge
Carex willdenowii,CAWI2,Willdenow's Sedge
Carnegiea gigantea,CAGI10,Saguaro
Carphephorus corymbosus,CACO37,Coastal Plain Chaffhead
Carphephorus odoratissimus,CAOD3,Vanillaleaf
Carphephorus paniculatus,CAPA53,Hairy Chaffhead
Carpinus caroliniana,CACA18,American Hornbeam
Carya aquatica,CAAQ2,Water Hickory
Carya cordiformis,CACO15,Bitternut Hickory
Carya glabra,CAGL8,Pignut Hickory
Carya illinoinensis,CAIL2,Pecan
Carya laciniosa,CALA21,Shellbark Hickory
Carya myristiciformis,CAMY,Nutmeg Hickory
Carya ovalis,CAOV3,Red Hickory
Carya ovata,CAOV2,Shagbark Hickory
Carya pallida,CAPA24,Sand Hickory
Carya tomentosa,CATO6,Mockernut Hickory
Casasia clusiifolia,CACL3,Sevenyear Apple
Cassiope mertensiana,CAME7,Western Moss Heather
Cassiope tetragona,CATE11,White Arctic Mountain Heather
Castanea dentata,CADE12,American Chestnut
Castanea pumila,CAPU9,Chinquapin
Castela emoryi,CAEM4,Crucifixion Thorn
Castilleja affinis,CAAF,Coast Indian Paintbrush
Castilleja angustifolia,CAAN7,Northwestern Indian Paintbrush
Castilleja applegatei,CAAP4,Wavyleaf Indian Paintbrush
Castilleja arachnoidea,CAAR11,Cobwebby Indian Paintbrush
Castilleja attenuata,CAAT25,Attenuate Indian Paintbrush
Castilleja austromontana,CAAU5,Rincon Mountain Indian Paintbrush
Castilleja coccinea,CACO17,Indian Paintbrush
Castilleja densiflora,CADE29,Denseflower Indian Paintbrush
Castilleja elmeri,CAEL7,Wenatchee Indian Paintbrush
Castilleja exserta,CAEX14,Exserted Indian Paintbrush
Castilleja flava,CAFL7,Yellow Indian Paintbrush
Castilleja foliolosa,CAFO2,Texas Indian Paintbrush
Castilleja fraterna,CAFR8,Fraternal Indian Paintbrush
Castilleja hispida,CAHI9,Harsh Indian Paintbrush
Castilleja indivisa,CAIN13,Entireleaf Indian Paintbrush
Castilleja integra,CAIN14,Wholeleaf Indian Paintbrush
Castilleja lacera,CALA68,Cutleaf Indian Paintbrush
Castilleja lanata,CALA24,Sierra Woolly Indian Paintbrush
Castilleja latifolia,CALA26,Monterey Indian Paintbrush
Castilleja lemmonii,CALE18,Lemmon's Indian Paintbrush
Castilleja linariifolia,CALI4,Wyoming Indian Paintbrush
Castilleja lineariiloba,CALI20,Sagebrush Indian Paintbrush
Castilleja lutescens,CALU14,Stiff Yellow Indian Paintbrush
Castilleja miniata,CAMI12,Giant Red Indian Paintbrush
Castilleja nana,CANA3,Dwarf Alpine Indian Paintbrush
Castilleja occidentalis,CAOC4,Western Indian Paintbrush
Castilleja parviflora,CAPA26,Mountain Indian Paintbrush
Castilleja patriotica,CAPA41,Huachuca Mountain Indian Paintbrush
Castilleja pilosa,CAPI3,Parrothead Indian Paintbrush
Castilleja pruinosa,CAPR14,Frosted Indian Paintbrush
Castilleja purpurea,CAPU11,Downy Indian Paintbrush
Castilleja rhexiifolia,CARH4,Splitleaf Indian Paintbrush
Castilleja rigida,CARI12,Rigid Indian Paintbrush
Castilleja rubicundula,CARU20,Cream Sacs
Castilleja rupicola,CARU9,Cliff Indian Paintbrush
Castilleja scabrida,CASC19,Rough Indian Paintbrush
Castilleja septentrionalis,CASE4,Labrador Indian Paintbrush
Castilleja sessiliflora,CASE5,Downy Paintedcup
Castilleja suksdorfii,CASU11,Suksdorf's Indian Paintbrush
Castilleja sulphurea,CASU12,Sulphur Indian Paintbrush
Castilleja tenuiflora,CATE14,Santa Catalina Indian Paintbrush
Castilleja tenuis,CATE26,Hairy Indian Paintbrush
Castilleja unalaschcensis,CAUN4,Alaska Indian Paintbrush
Catalpa bignonioides,CABI8,Southern Catalpa
Catalpa speciosa,CASP8,Northern Catalpa
Cathestecum erectum,CAER2,False Grama
Caulanthus amplexicaulis,CAAM11,Claspingleaf Wild Cabbage
Caulanthus cooperi,CACO18,Cooper's Wild Cabbage
Caulanthus coulteri,CACO38,Coulter's Wild Cabbage
Caulanthus crassicaulis,CACR11,Thickstem Wild Cabbage
Caulanthus inflatus,CAIN15,Desert Candle
Caulanthus major,CAMA17,Slender Wild Cabbage
Caulophyllum thalictroides,CATH2,Blue Cohosh
Ceanothus americanus,CEAM,New Jersey Tea
Ceanothus arboreus,CEAR,Feltleaf Ceanothus
Ceanothus cordulatus,CECO,Whitethorn Ceanothus
Ceanothus crassifolius,CECR,Hoaryleaf Ceanothus
Ceanothus cuneatus,CECU,Buckbrush
Ceanothus cyaneus,CECY,San Diego Buckbrush
Ceanothus diversifolius,CEDI2,Pinemat
Ceanothus fendleri,CEFE,Fendler's Ceanothus
Ceanothus foliosus,CEFO,Wavyleaf Ceanothus
Ceanothus fresnensis,CEFR,Fresno Mat
Ceanothus gloriosus,CEGL,Point Reyes Ceanothus
Ceanothus greggii,CEGR,Desert Ceanothus
Ceanothus griseus,CEGR2,Carmel Ceanothus
Ceanothus hearstiorum,CEHE2,Hearst Ranch Buckbrush
Ceanothus herbaceus,CEHE,Jersey Tea
Ceanothus impressus,CEIM,Santa Barbara Ceanothus
Ceanothus incanus,CEIN,Coast Whitethorn
Ceanothus integerrimus,CEIN3,Deerbrush
Ceanothus lemmonii,CELE,Lemmon's Ceanothus
Ceanothus leucodermis,CELE2,Chaparral Whitethorn
Ceanothus maritimus,CEMA,Maritime Ceanothus
Ceanothus megacarpus,CEME,Bigpod Ceanothus
Ceanothus oliganthus,CEOL,Hairy Ceanothus
Ceanothus palmeri,CEPA,Palmer Ceanothus
Ceanothus papillosus,CEPA2,Wartleaf Ceanothus
Ceanothus parryi,CEPA3,Parry Ceanothus
Ceanothus parvifolius,CEPA4,Littleleaf Ceanothus
Ceanothus prostratus,CEPR,Prostrate Ceanothus
Ceanothus purpureus,CEPU2,Hollyleaf Ceanothus
Ceanothus sanguineus,CESA,Redstem Ceanothus
Ceanothus sorediatus,CESO2,Jimbrush
Ceanothus spinosus,CESP,Redheart
Ceanothus thyrsiflorus,CETH,Blueblossom
Ceanothus tomentosus,CETO,Woolyleaf Ceanothus
Ceanothus velutinus,CEVE,Snowbrush Ceanothus
Ceanothus verrucosus,CEVE2,Barranca Brush
Ceanothus ×flexilis,CEFL4,Flexible Ceanothus
Ceanothus ×lobbianus,CELO,Ceanothus
Celastrus scandens,CESC,American Bittersweet
Celtis ehrenbergiana,CEEH,Spiny Hackberry
Celtis laevigata,CELA,Sugarberry
Celtis lindheimeri,CELI,Lindheimer's Hackberry
Celtis occidentalis,CEOC,Common Hackberry
Celtis tenuifolia,CETE,Dwarf Hackberry
Cenchrus brownii,CEBR,Slimbristle Sandbur
Cenchrus spinifex,CESP4,Coastal Sandbur
Cenchrus tribuloides,CETR,Sanddune Sandbur
Centaurea americana,CEAM2,American Star-Thistle
Centaurea rothrockii,CERO,Rothrock's Knapweed
Centaurium exaltatum,CEEX,Desert Centaury
Centaurium venustum,CEVE3,Charming Centaury
Centromadia pungens,CEPU14,Common Tarweed
Centrosema arenicola,CEAR5,Pineland Butterfly Pea
Centrosema virginianum,CEVI2,Spurred Butterfly Pea
Cephalanthus occidentalis,CEOC2,Buttonbush
Cerastium arvense,CEAR4,Field Chickweed
Cerastium nutans,CENU2,Nodding Chickweed
Ceratiola ericoides,CEER3,Sand Heath
Ceratophyllum demersum,CEDE4,Coon's Tail
Cercis canadensis,CECA4,Eastern Redbud
Cercis orbiculata,CEOR9,California Redbud
Cercocarpus ledifolius,CELE3,Curl-Leaf Mountain Mahogany
Cercocarpus montanus,CEMO2,Alderleaf Mountain Mahogany
Cevallia sinuata,CESI,Stinging Serpent
Chaenactis alpigena,CHAL,Southern Sierra Pincushion
Chaenactis carphoclinia,CHCA,Pebble Pincushion
Chaenactis douglasii,CHDO,Douglas' Dustymaiden
Chaenactis fremontii,CHFR,Pincushion Flower
Chaenactis glabriuscula,CHGL,Yellow Pincushion
Chaenactis stevioides,CHST,Esteve's Pincushion
Chaenactis xantiana,CHXA,Fleshcolor Pincushion
Chaerophyllum procumbens,CHPR,Spreading Chervil
Chamaebatia foliolosa,CHFO,Mountain Misery
Chamaebatiaria millefolium,CHMI2,Desert Sweet
Chamaecrista deeringiana,CHDE9,Florida Keys Sensitive Pea
Chamaecrista fasciculata,CHFA2,Partridge Pea
Chamaecrista flexuosa,CHFL4,Texas Sensitive Pea
Chamaecrista lineata,CHLI5,Narrowpod Sensitive Pea
Chamaecrista nictitans,CHNI2,Sensitive Partridge Pea
Chamaecyparis lawsoniana,CHLA,Port Orford Cedar
Chamaecyparis thyoides,CHTH2,Atlantic White Cedar
Chamaedaphne calyculata,CHCA2,Leatherleaf
Chamaelirium luteum,CHLU,Fairywand
Chamaesaracha coniodes,CHCO,Gray Five Eyes
Chamaesaracha coronopus,CHCO2,Greenleaf Five Eyes
Chamaesyce albomarginata,CHAL11,Whitemargin Sandmat
Chamaesyce celastroides,CHCE,Ekoko
Chamaesyce fendleri,CHFE3,Fendler's Sandmat
Chamaesyce mesembrianthemifolia,CHME7,Coastal Beach Sandmat
Chamaesyce nutans,CHNU9,Eyebane
Chamaesyce parryi,CHPA28,Parry's Sandmat
Chamaesyce polycarpa,CHPO12,Smallseed Sandmat
Chamaesyce serpyllifolia,CHSE6,Thymeleaf Sandmat
Chamerion angustifolium,CHAN9,Fireweed
Chamerion latifolium,CHLA13,Dwarf Fireweed
Chapmannia floridana,CHFL2,Florida Alicia
Chasmanthium latifolium,CHLA5,Indian Woodoats
Chasmanthium laxum,CHLA6,Slender Woodoats
Chasmanthium sessiliflorum,CHSE2,Longleaf Woodoats
Cheilanthes gracillima,CHGR,Lace Lipfern
Cheirodendron trigynum,CHTR2,Olapalapa
Chelone glabra,CHGL2,White Turtlehead
Chelone lyonii,CHLY2,Pink Turtlehead
Chelone obliqua,CHOB3,Red Turtlehead
Chenopodium album,CHAL7,Lambsquarters
Chenopodium berlandieri,CHBE4,Pitseed Goosefoot
Chenopodium capitatum,CHCA4,Blite Goosefoot
Chenopodium foggii,CHFO3,Fogg's Goosefoot
Chenopodium pratericola,CHPR5,Desert Goosefoot
Chenopodium rubrum,CHRU,Red Goosefoot
Chenopodium simplex,CHSI2,Mapleleaf Goosefoot
Chenopodium standleyanum,CHST2,Standley's Goosefoot
Chilopsis linearis,CHLI2,Desert Willow
Chimaphila maculata,CHMA3,Striped Prince's Pine
Chimaphila umbellata,CHUM,Pipsissewa
Chiococca alba,CHAL8,West Indian Milkberry
Chionanthus virginicus,CHVI3,White Fringetree
Chionophila tweedyi,CHTW,Tweedy's Snowlover
Chloracantha spinosa,CHSP11,Spiny Chloracantha
Chlorogalum pomeridianum,CHPO3,Wavyleaf Soap Plant
Choisya dumosa,CHDU,Mexican Orange
Chorizanthe douglasii,CHDO2,Douglas' Spineflower
Chorizanthe rigida,CHRI,Devil's Spineflower
Chorizanthe staticoides,CHST4,Turkish Rugging
Chromolaena odorata,CHOD,Jack In The Bush
Chrysobalanus icaco,CHIC,Coco Plum
Chrysogonum virginianum,CHVI5,Green And Gold
Chrysolepis chrysophylla,CHCH7,Giant Chinquapin
Chrysolepis sempervirens,CHSE11,Bush Chinquapin
Chrysoma pauciflosculosa,CHPA18,Woody Goldenrod
Chrysophyllum oliviforme,CHOL,Satinleaf
Chrysopsis mariana,CHMA14,Maryland Goldenaster
Chrysopsis pilosa,CHPI8,Soft Goldenaster
Chrysopsis subulata,CHSU6,Scrubland Goldenaster
Chrysothamnus albidus,CHAL9,Whiteflower Rabbitbrush
Chrysothamnus gramineus,CHGR13,Panamint Rock Goldenrod
Chrysothamnus greenei,CHGR6,Greene's Rabbitbrush
Chrysothamnus linifolius,CHLI3,Spearleaf Rabbitbrush
Chrysothamnus viscidiflorus,CHVI8,Yellow Rabbitbrush
Cibotium chamissoi,CICH,Chamisso's Manfern
Cibotium glaucum,CIGL,Hapu'u
Cicuta bulbifera,CIBU,Bulblet-Bearing Water Hemlock
Cicuta douglasii,CIDO,Western Water Hemlock
Cicuta maculata,CIMA2,Spotted Water Hemlock
Cinna arundinacea,CIAR2,Sweet Woodreed
Cinna latifolia,CILA2,Drooping Woodreed
Circaea alpina,CIAL,Small Enchanter's NightSheet
Circaea lutetiana,CILU,Broadleaf Enchanter's NightSheet
Cirsium altissimum,CIAL2,Tall Thistle
Cirsium andersonii,CIAN,Rose Thistle
Cirsium arizonicum,CIAR3,Arizona Thistle
Cirsium brevistylum,CIBR2,Clustered Thistle
Cirsium calcareum,CICA10,Cainville Thistle
Cirsium canescens,CICA11,Prairie Thistle
Cirsium centaureae,CICE,Fringed Thistle
Cirsium clokeyi,CICL2,Whitespine Thistle
Cirsium cymosum,CICY,Peregrine Thistle
Cirsium discolor,CIDI,Field Thistle
Cirsium douglasii,CIDO2,Douglas' Thistle
Cirsium drummondii,CIDR2,Dwarf Thistle
Cirsium edule,CIED,Edible Thistle
Cirsium engelmannii,CIEN2,Engelmann's Thistle
Cirsium flodmanii,CIFL,Flodman's Thistle
Cirsium foliosum,CIFO,Elk Thistle
Cirsium hookerianum,CIHO,White Thistle
Cirsium horridulum,CIHO2,Yellow Thistle
Cirsium hydrophilum,CIHY,SuiSun Thistle
Cirsium lecontei,CILE2,Le Conte's Thistle
Cirsium mohavense,CIMO,Mojave Thistle
Cirsium muticum,CIMU,Swamp Thistle
Cirsium neomexicanum,CINE,New Mexico Thistle
Cirsium occidentale,CIOC,Cobwebby Thistle
Cirsium ochrocentrum,CIOC2,Yellowspine Thistle
Cirsium ownbeyi,CIOW,Ownbey's Thistle
Cirsium peckii,CIPE4,Steen Mountain Thistle
Cirsium pitcheri,CIPI,Sand Dune Thistle
Cirsium pumilum,CIPU4,Pasture Thistle
Cirsium remotifolium,CIRE,Fewleaf Thistle
Cirsium repandum,CIRE2,Sandhill Thistle
Cirsium rydbergii,CIRY,Rydberg's Thistle
Cirsium scariosum,CISC2,Meadow Thistle
Cirsium texanum,CITE2,Texas Thistle
Cirsium turneri,CITU,Cliff Thistle
Cirsium undulatum,CIUN,Wavyleaf Thistle
Cirsium vinaceum,CIVI4,Sacramento Mountain Thistle
Cirsium wheeleri,CIWH,Wheeler's Thistle
Cissus trifoliata,CITR2,Sorrelvine
Cissus verticillata,CIVE3,Seasonvine
Cistanthe monosperma,CIMO5,Oneseed Pussypaws
Cistanthe umbellata,CIUM,Mt. Hood Pussypaws
Citharexylum berlandieri,CIBE,Berlandier's Fiddlewood
Citharexylum spinosum,CISP3,Spiny Fiddlewood
Cladium mariscus,CLMA10,Swamp Sawgrass
Cladrastis kentukea,CLKE,Kentucky Yellowwood
Claoxylon sandwicense,CLSA,Po'ola
Clarkia affinis,CLAF,Chaparral Clarkia
Clarkia amoena,CLAM,Farewell To Spring
Clarkia australis,CLAU2,Small's Southern Clarkia
Clarkia biloba,CLBI,Twolobe Clarkia
Clarkia breweri,CLBR,Fairy Fans
Clarkia concinna,CLCO,Red Ribbons
Clarkia cylindrica,CLCY,Speckled Clarkia
Clarkia dudleyana,CLDU,Dudley's Clarkia
Clarkia epilobioides,CLEP,Canyon Clarkia
Clarkia gracilis,CLGR,Slender Clarkia
Clarkia imbricata,CLIM,Vine Hill Clarkia
Clarkia mildrediae,CLMI,Mildred's Clarkia
Clarkia modesta,CLMO,Waltham Creek Clarkia
Clarkia pulchella,CLPU,Pinkfairies
Clarkia purpurea,CLPU2,Winecup Clarkia
Clarkia rhomboidea,CLRH,Diamond Clarkia
Clarkia rostrata,CLRO2,Beaked Clarkia
Clarkia rubicunda,CLRU,Ruby Chalice Clarkia
Clarkia similis,CLSI,Ramona Clarkia
Clarkia speciosa,CLSP,Redspot Clarkia
Clarkia stellata,CLST3,Lake Almanor Clarkia
Clarkia unguiculata,CLUN,Elegant Clarkia
Clarkia williamsonii,CLWI,Fort Miller Clarkia
Clarkia xantiana,CLXA,Gunsight Clarkia
Claytonia caroliniana,CLCA,Carolina Springbeauty
Claytonia lanceolata,CLLA2,Lanceleaf Springbeauty
Claytonia nevadensis,CLNE,Sierra Springbeauty
Claytonia parviflora,CLPA5,Streambank Springbeauty
Claytonia perfoliata,CLPE,Miner's Lettuce
Claytonia sibirica,CLSI2,Siberian Springbeauty
Claytonia virginica,CLVI3,Virginia Springbeauty
Clematis columbiana,CLCO2,Rock Clematis
Clematis crispa,CLCR,Swamp Leather Flower
Clematis drummondii,CLDR,Drummond's Clematis
Clematis hirsutissima,CLHI,Hairy Clematis
Clematis lasiantha,CLLA3,Pipestem Clematis
Clematis ligusticifolia,CLLI2,Western White Clematis
Clematis occidentalis,CLOC2,Western Blue Virginsbower
Clematis ochroleuca,CLOC,Curlyheads
Clematis pitcheri,CLPI,Bluebill
Clematis reticulata,CLRE,Netleaf Leather Flower
Clematis viorna,CLVI4,Vasevine
Clematis virginiana,CLVI5,Devil's Darning Needles
Cleome isomeris,CLIS,Bladderpod Spiderflower
Cleome lutea,CLLU2,Yellow Spiderflower
Cleome platycarpa,CLPL,Golden Spiderflower
Cleome serrulata,CLSE,Rocky Mountain Beeplant
Cleome sparsifolia,CLSP2,Fewleaf Spiderflower
Cleomella obtusifolia,CLOB,Mojave Cleomella
Clermontia hawaiiensis,CLHA4,Oha Kepau
Clermontia montis-loa,CLMO5,Mauna Loa Clermontia
Clermontia parviflora,CLPA8,Smallflower Clermontia
Clethra acuminata,CLAC3,Mountain Sweetpepperbush
Clethra alnifolia,CLAL3,Coastal Sweetpepperbush
Clinopodium coccineum,CLCO10,Scarlet Calamint
Clinopodium douglasii,CLDO2,Yerba Buena
Clinopodium georgianum,CLGE,Georgia Calamint
Clinopodium mimuloides,CLMI9,Monkeyflower Savory
Clinopodium vulgare,CLVU,Wild Basil
Clintonia andrewsiana,CLAN2,Andrew's Clintonia
Clintonia borealis,CLBO3,Bluebead
Clitoria fragrans,CLFR2,Sweetscented Pigeonwings
Clitoria mariana,CLMA4,Atlantic Pigeonwings
Cnidoscolus angustidens,CNAN,Mala Mujer
Cnidoscolus texanus,CNTE,Texas Bullnettle
Cnidoscolus urens,CNUR,Cnidoscolus
Coccoloba diversifolia,CODI8,Tietongue
Coccoloba uvifera,COUV,Seagrape
Coccothrinax argentata,COAR,Florida Silver Palm
Coelorachis cylindrica,COCY,Cylinder Jointtail Grass
Coelorachis rugosa,CORU3,Wrinkled Jointtail Grass
Coleogyne ramosissima,CORA,Blackbrush
Collinsia bartsiifolia,COBA,White Blue Eyed Mary
Collinsia callosa,COCA3,Desertmountain Blue Eyed Mary
Collinsia childii,COCH,Child's Blue Eyed Mary
Collinsia concolor,COCO,Chinese Houses
Collinsia grandiflora,COGR2,Giant Blue Eyed Mary
Collinsia greenei,COGR3,Greene's Blue Eyed Mary
Collinsia heterophylla,COHE,Purple Chinese Houses
Collinsia linearis,COLI,Narrowleaf Blue Eyed Mary
Collinsia multicolor,COMU,San Francisco Blue Eyed Mary
Collinsia parviflora,COPA3,Maiden Blue Eyed Mary
Collinsia sparsiflora,COSP,Spinster's Blue Eyed Mary
Collinsia tinctoria,COTI,Sticky Chinese Houses
Collinsia torreyi,COTO,Torrey's Blue Eyed Mary
Collinsia verna,COVE2,Spring Blue Eyed Mary
Collinsonia canadensis,COCA4,Richweed
Collomia grandiflora,COGR4,Grand Collomia
Collomia rawsoniana,CORA3,Flaming Trumpet
Cologania angustifolia,COAN,Longleaf Cologania
Colubrina arborescens,COAR3,Greenheart
Colubrina texensis,COTE6,Texan Hogplum
Comandra umbellata,COUM,Bastard Toadflax
Comarum palustre,COPA28,Purple Marshlocks
Commelina diffusa,CODI5,Climbing Dayflower
Commelina virginica,COVI3,Virginia Dayflower
Comptonia peregrina,COPE80,Sweet Fern
Condalia ericoides,COER5,Javelina Bush
Condalia hookeri,COHO,Brazilian Bluewood
Condalia spathulata,COSP3,Knifeleaf Condalia
Condalia viridis,COVI8,Green Snakewood
Conioselinum chinense,COCH2,Eastern Hemlockparsley
Conioselinum scopulorum,COSC2,Rocky Mountain Hemlockparsley
Conocarpus erectus,COER2,Button Mangrove
Conoclinium betonicifolium,COBE4,Betonyleaf Thoroughwort
Conoclinium coelestinum,COCO13,Blue Mistflower
Conoclinium greggii,COGR10,Palmleaf Thoroughwort
Conradina canescens,COCA19,False Rosemary
Conyza canadensis,COCA5,Canadian Horseweed
Coprosma ernodeoides,COER3,Aiakanene
Coprosma pubens,COPU8,Pubescent Mirrorplant
Cordia boissieri,COBO2,Anacahuita
Cordia globosa,COGL6,Curaciao Bush
Cordylanthus maritimus,COMA5,Saltmarsh Bird's-Beak
Cordylanthus mollis,COMO,Soft Bird's-Beak
Cordylanthus nevinii,CONE,Nevin's Bird's-Beak
Cordylanthus parviflorus,COPA9,Purple Bird's-Beak
Cordylanthus pilosus,COPI2,Hairy Bird's-Beak
Cordylanthus ramosus,CORA5,Bushy Bird's Beak
Cordylanthus rigidus,CORI2,Stiffbranch Bird's Beak
Cordylanthus tenuis,COTE3,Slender Bird's Beak
Cordylanthus wrightii,COWR2,Wright's Bird's Beak
Coreopsis auriculata,COAU,Lobed Tickseed
Coreopsis basalis,COBA2,Goldenmane Tickseed
Coreopsis bigelovii,COBI,Bigelow's Tickseed
Coreopsis californica,COCA8,California Tickseed
Coreopsis douglasii,CODO2,Douglas' Tickseed
Coreopsis falcata,COFA,Sickle Tickseed
Coreopsis gigantea,COGI,Giant Coreopsis
Coreopsis grandiflora,COGR5,Largeflower Tickseed
Coreopsis lanceolata,COLA5,Lanceleaf Coreopsis
Coreopsis major,COMA6,Greater Tickseed
Coreopsis palmata,COPA10,Stiff Tickseed
Coreopsis pubescens,COPU2,Star Tickseed
Coreopsis tinctoria,COTI3,Plains Coreopsis
Coreopsis tripteris,COTR4,Tall Tickseed
Coreopsis verticillata,COVE5,Whorled Tickseed
Coreopsis wrightii,COWR3,Rock Tickseed
Corethrogyne filaginifolia,COFI2,Common Sandaster
Cornus alternifolia,COAL2,Alternateleaf Dogwood
Cornus amomum,COAM2,Silky Dogwood
Cornus asperifolia,COAS2,Toughleaf Dogwood
Cornus canadensis,COCA13,Bunchberry Dogwood
Cornus drummondii,CODR,Roughleaf Dogwood
Cornus florida,COFL2,Flowering Dogwood
Cornus foemina,COFO,Stiff Dogwood
Cornus glabrata,COGL3,Brown Dogwood
Cornus nuttallii,CONU4,Pacific Dogwood
Cornus obliqua,COOB9,Silky Dogwood
Cornus racemosa,CORA6,Gray Dogwood
Cornus rugosa,CORU,Roundleaf Dogwood
Cornus sericea,COSE16,Redosier Dogwood
Cornus suecica,COSU4,Lapland Cornel
Cornus unalaschkensis,COUN,Western Cordilleran Bunchberry
Corydalis aurea,COAU2,Scrambled Eggs
Corydalis caseana,COCA15,Sierra Fumewort
Corydalis curvisiliqua,COCU2,Curvepod Fumewort
Corydalis flavula,COFL3,Yellow Fumewort
Corydalis scouleri,COSC4,Scouler's Fumewort
Corylus americana,COAM3,American Hazelnut
Corylus cornuta,COCO6,Beaked Hazelnut
Cosmos parviflorus,COPA12,Southwestern Cosmos
Cotinus obovatus,COOB2,American Smoketree
Crataegus aestivalis,CRAE,May Hawthorn
Crataegus brainerdii,CRBR3,Brainerd's Hawthorn
Crataegus calpodendron,CRCA,Pear Hawthorn
Crataegus chrysocarpa,CRCH,Fireberry Hawthorn
Crataegus coccinioides,CRCO2,Kansas Hawthorn
Crataegus crus-galli,CRCR2,Cockspur Hawthorn
Crataegus dilatata,CRDI,Broadleaf Hawthorn
Crataegus dissona,CRDI10,Northern Hawthorn
Crataegus dodgei,CRDO3,Dodge's Hawthorn
Crataegus douglasii,CRDO2,Black Hawthorn
Crataegus erythropoda,CRER,Cerro Hawthorn
Crataegus flabellata,CRFL,Fanleaf Hawthorn
Crataegus flava,CRFL2,Yellowleaf Hawthorn
Crataegus forbesiae,CRFO,Forbes's Hawthorn
Crataegus greggiana,CRGR2,Gregg's Hawthorn
Crataegus holmesiana,CRHO5,Holmes' Hawthorn
Crataegus intricata,CRIN3,Copenhagen Hawthorn
Crataegus irrasa,CRIR2,Blanchard's Hawthorn
Crataegus jesupii,CRJE,Jesup's Hawthorn
Crataegus lucorum,CRLU,Grove Hawthorn
Crataegus lumaria,CRLU3,Roundleaf Hawthorn
Crataegus macrosperma,CRMA3,Bigfruit Hawthorn
Crataegus marshallii,CRMA5,Parsley Hawthorn
Crataegus mollis,CRMO2,Downy Hawthorn
Crataegus opaca,CROP,Western Mayhaw
Crataegus phaenopyrum,CRPH,Washington Hawthorn
Crataegus pringlei,CRPR,Pringle's Hawthorn
Crataegus pruinosa,CRPR2,Waxyfruit Hawthorn
Crataegus punctata,CRPU,Dotted Hawthorn
Crataegus reverchonii,CRRE3,Reverchon's Hawthorn
Crataegus rivularis,CRRI,River Hawthorn
Crataegus scabrida,CRSC80,Rough Hawthorn
Crataegus schuettei,CRSC4,Schuette's Hawthorn
Crataegus spathulata,CRSP,Littlehip Hawthorn
Crataegus submollis,CRSU2,Quebec Hawthorn
Crataegus suborbiculata,CRSU3,Caughuawaga Hawthorn
Crataegus succulenta,CRSU5,Fleshy Hawthorn
Crataegus suksdorfii,CRSU16,Suksdorf's Hawthorn
Crataegus viridis,CRVI2,Green Hawthorn
Crataegus ×anomala,CRAN6,Arnold Hawthorn
Crepis acuminata,CRAC2,Tapertip Hawksbeard
Crepis atribarba,CRAT,Slender Hawksbeard
Crepis intermedia,CRIN4,Limestone Hawksbeard
Crepis modocensis,CRMO4,Modoc Hawksbeard
Crepis occidentalis,CROC,Largeflower Hawksbeard
Crepis runcinata,CRRU3,Fiddleleaf Hawksbeard
Crescentia cujete,CRCU,Common Calabash Tree
Cressa truxillensis,CRTR5,Spreading Alkaliweed
Crinum americanum,CRAM2,Seven Sisters
Crocidium multicaule,CRMU,Common Spring-Gold
Croptilon divaricatum,CRDI17,Slender Scratchdaisy
Crossopetalum ilicifolium,CRIL2,Christmasberry
Crotalaria pumila,CRPU4,Low Rattlebox
Crotalaria rotundifolia,CRRO5,Rabbitbells
Crotalaria sagittalis,CRSA4,Arrowhead Rattlebox
Croton californicus,CRCA5,California Croton
Croton capitatus,CRCA6,Hogwort
Croton cascarilla,CRCA29,Grannybush
Croton monanthogynus,CRMO6,Prairie Tea
Croton setigerus,CRSE11,Dove Weed
Croton texensis,CRTE4,Texas Croton
Croton wigginsii,CRWI2,Wiggins' Croton
Cryptantha abata,CRAB2,Dentnut Cryptantha
Cryptantha barbigera,CRBA5,Bearded Cryptantha
Cryptantha cinerea,CRCI3,James' Cryptantha
Cryptantha circumscissa,CRCI2,Cushion Cryptantha
Cryptantha clevelandii,CRCL,Cleveland's Cryptantha
Cryptantha confertiflora,CRCO12,Basin Yellow Cryptantha
Cryptantha crassisepala,CRCR3,Thicksepal Cryptantha
Cryptantha decipiens,CRDE,Gravelbar Cryptantha
Cryptantha flaccida,CRFL4,Weakstem Cryptantha
Cryptantha flava,CRFL5,Brend'as Yellow Cryptantha
Cryptantha flavoculata,CRFL6,Roughseed Cryptantha
Cryptantha fulvocanescens,CRFU,Tawny Cryptantha
Cryptantha holoptera,CRHO3,Winged Cryptantha
Cryptantha humilis,CRHU2,Roundspike Cryptantha
Cryptantha intermedia,CRIN8,Clearwater Cryptantha
Cryptantha micrantha,CRMI,Redroot Cryptantha
Cryptantha muricata,CRMU2,Pointed Cryptantha
Cryptantha nubigena,CRNU2,Sierra Cryptantha
Cryptantha oblata,CROB,Rough Cryptantha
Cryptantha pterocarya,CRPT,Wingnut Cryptantha
Cryptantha simulans,CRSI2,Pinewoods Cryptantha
Cryptantha torreyana,CRTO4,Torrey's Cryptantha
Cryptantha tumulosa,CRTU,New York Mountain Cryptantha
Cryptantha utahensis,CRUT,Scented Cryptantha
Cryptogramma acrostichoides,CRAC3,American Rockbrake
Cryptotaenia canadensis,CRCA9,Canadian Honewort
Cucurbita digitata,CUDI,Fingerleaf Gourd
Cucurbita foetidissima,CUFO,Missouri Gourd
Cucurbita okeechobeensis,CUOK,Okeechobee Gourd
Cucurbita palmata,CUPA,Coyote Gourd
Cunila origanoides,CUOR,Common Dittany
Cuphea viscosissima,CUVI,Blue Waxweed
Cuphea wrightii,CUWR,Wright's Waxweed
Cuscuta californica,CUCA,Chaparral Dodder
Cuscuta ceanothi,CUCE2,Canyon Dodder
Cuscuta cephalanthi,CUCE,Buttonbush Dodder
Cuscuta compacta,CUCO2,Compact Dodder
Cuscuta coryli,CUCO3,Hazel Dodder
Cuscuta glomerata,CUGL3,Rope Dodder
Cuscuta gronovii,CUGR,Scaldweed
Cuscuta pentagona,CUPE3,Fiveangled Dodder
Cuscuta polygonorum,CUPO,Smartweed Dodder
Cyclachaena xanthiifolia,CYXA2,Carelessweed
Cycladenia humilis,CYHU,Sacramento Waxydogbane
Cylindropuntia acanthocarpa,CYAC8,Buck-Horn Cholla
Cylindropuntia arbuscula,CYAR14,Arizona Pencil Cholla
Cylindropuntia bigelovii,CYBI9,Teddybear Cholla
Cylindropuntia echinocarpa,CYEC3,Wiggins' Cholla
Cylindropuntia fulgida,CYFU10,Jumping Cholla
Cylindropuntia imbricata,CYIM2,Cane Cholla
Cylindropuntia leptocaulis,CYLE8,Christmas Cactus
Cylindropuntia ramosissima,CYRA9,Branched Pencil Cholla
Cylindropuntia spinosior,CYSP8,Walkingstick Cactus
Cylindropuntia tunicata,CYTU3,Thistle Cholla
Cylindropuntia versicolor,CYVE3,Staghorn Cholla
Cylindropuntia whipplei,CYWH,Whipple Cholla
Cymopterus beckii,CYBE2,Featherleaf Springparsley
Cymopterus panamintensis,CYPA,Panamint Springparsley
Cymopterus purpureus,CYPU2,Purple Springparsley
Cynanchum angustifolium,CYAN5,Gulf Coast Swallow-Wort
Cynanchum barbigerum,CYBA,Bearded Swallow-Wort
Cynanchum laeve,CYLA,Honeyvine
Cynanchum racemosum,CYRA4,Talayote
Cynanchum scoparium,CYSC5,Leafless Swallow-Wort
Cynoglossum grande,CYGR,Pacific Hound's Tongue
Cynoglossum occidentale,CYOC,Western Hound's Tongue
Cynoglossum virginianum,CYVI,Wild Comfrey
Cyperus acuminatus,CYAC2,Tapertip Flatsedge
Cyperus bipartitus,CYBI6,Slender Flatsedge
Cyperus compressus,CYCO,Poorland Flatsedge
Cyperus dentatus,CYDE2,Toothed Flatsedge
Cyperus diandrus,CYDI3,Umbrella Flatsedge
Cyperus echinatus,CYEC2,Globe Flatsedge
Cyperus erythrorhizos,CYER2,Redroot Flatsedge
Cyperus filicinus,CYFI,Fern Flatsedge
Cyperus flavescens,CYFL,Yellow Flatsedge
Cyperus grayi,CYGR2,Gray's Flatsedge
Cyperus haspan,CYHA,Haspan Flatsedge
Cyperus houghtonii,CYHO,Houghton's Flatsedge
Cyperus lancastriensis,CYLA3,Manyflower Flatsedge
Cyperus lupulinus,CYLU2,Great Plains Flatsedge
Cyperus odoratus,CYOD,Fragrant Flatsedge
Cyperus polystachyos,CYPO,Manyspike Flatsedge
Cyperus pseudovegetus,CYPS,Marsh Flatsedge
Cyperus retrorsus,CYRE5,Pine Barren Flatsedge
Cyperus schweinitzii,CYSC3,Schweinitz's Flatsedge
Cyperus squarrosus,CYSQ,Bearded Flatsedge
Cyperus strigosus,CYST,Strawcolored Flatsedge
Cypripedium acaule,CYAC3,Moccasin Flower
Cypripedium kentuckiense,CYKE2,Kentucky Lady's Slipper
Cypripedium parviflorum,CYPA19,Lesser Yellow Lady's Slipper
Cypripedium reginae,CYRE6,Showy Lady's Slipper
Cyrilla racemiflora,CYRA,Swamp Titi
Cyrtandra platyphylla,CYPL5,Ilihia
Cystopteris fragilis,CYFR2,Brittle Bladderfern
Dalbergia ecastaphyllum,DAEC,Coinvine
Dalea albida,DAAL2,Whitetassels
Dalea albiflora,DAAL,Whiteflower Prairie Clover
Dalea aurea,DAAU,Golden Prairie Clover
Dalea bicolor,DABI,Silver Prairie Clover
Dalea candida,DACA7,White Prairie Clover
Dalea carthagenensis,DACA9,Cartagena Prairie Clover
Dalea compacta,DACO2,Compact Prairie Clover
Dalea emarginata,DAEM2,Wedgeleaf Prairie Clover
Dalea enneandra,DAEN,Nineanther Prairie Clover
Dalea feayi,DAFE2,Feay's Prairie Clover
Dalea foliosa,DAFO2,Leafy Prairie Clover
Dalea formosa,DAFO,Featherplume
Dalea frutescens,DAFR2,Black Prairie Clover
Dalea gattingeri,DAGA,Purpletassels
Dalea greggii,DAGR2,Gregg's Prairie Clover
Dalea hallii,DAHA,Hall's Prairie Clover
Dalea jamesii,DAJA,James' Prairie Clover
Dalea lachnostachys,DALA,Glandleaf Prairie Clover
Dalea lanata,DALA3,Woolly Prairie Clover
Dalea lasiathera,DALA4,Purple Dalea
Dalea lumholtzii,DALU,Lumholtz's Prairie Clover
Dalea mollis,DAMO,Hairy Prairie Clover
Dalea mollissima,DAMO2,Soft Prairie Clover
Dalea multiflora,DAMU,Roundhead Prairie Clover
Dalea nana,DANA,Dwarf Prairie Clover
Dalea neomexicana,DANE,Downy Prairie Clover
Dalea obovata,DAOB,Pussyfoot
Dalea phleoides,DAPH2,Slimspike Prairie Clover
Dalea pinnata,DAPI2,Summer Farewell
Dalea pogonathera,DAPO,Bearded Prairie Clover
Dalea pulchra,DAPU4,Santa Catalina Prairie Clover
Dalea purpurea,DAPU5,Purple Prairie Clover
Dalea searlsiae,DASE3,Searls' Prairie Clover
Dalea tenuis,DATE6,Pinkglobe Prairie Clover
Dalea villosa,DAVI,Silky Prairie Clover
Dalea wrightii,DAWR,Wright's Prairie Clover
Damasonium californicum,DACA12,California Damsonium
Danthonia californica,DACA3,California Oatgrass
Danthonia compressa,DACO,Flattened Oatgrass
Danthonia intermedia,DAIN,Timber Oatgrass
Danthonia spicata,DASP2,Poverty Oatgrass
Danthonia unispicata,DAUN,Onespike Danthonia
Dasiphora fruticosa,DAFR6,Shrubby Cinquefoil
Dasistoma macrophylla,DAMA,Mullein Foxglove
Dasylirion wheeleri,DAWH2,Common Sotol
Dasyochloa pulchella,DAPU7,Low Woollygrass
Datura discolor,DADI2,Desert Thorn-Apple
Datura quercifolia,DAQU,Chinese Thorn-Apple
Datura wrightii,DAWR2,Sacred Thorn-Apple
Daucus pusillus,DAPU3,American Wild Carrot
Decodon verticillatus,DEVE,Swamp Loosestrife
Decumaria barbara,DEBA4,Woodvamp
Delissea rhytidosperma,DERH2,Kauai Delissea
Delphinium andersonii,DEAN,Anderson's Larkspur
Delphinium andesicola,DEAN2,Chiricahua Mountain Larkspur
Delphinium barbeyi,DEBA2,Subalpine Larkspur
Delphinium bicolor,DEBI,Little Larkspur
Delphinium californicum,DECA,California Larkspur
Delphinium cardinale,DECA2,Scarlet Larkspur
Delphinium carolinianum,DECA3,Carolina Larkspur
Delphinium depauperatum,DEDE2,Slim Larkspur
Delphinium exaltatum,DEEX,Tall Larkspur
Delphinium glaucum,DEGL3,Sierra Larkspur
Delphinium gracilentum,DEGR,Pine Forest Larkspur
Delphinium menziesii,DEME,Menzies' Larkspur
Delphinium nudicaule,DENU,Red Larkspur
Delphinium nuttallianum,DENU2,Twolobe Larkspur
Delphinium nuttallii,DENU3,Upland Larkspur
Delphinium parryi,DEPA2,San Bernardino Larkspur
Delphinium scaposum,DESC,Tall Mountain Larkspur
Delphinium scopulorum,DESC2,Rocky Mountain Larkspur
Delphinium tricorne,DETR,Dwarf Larkspur
Delphinium trolliifolium,DETR2,Columbian Larkspur
Delphinium ×occidentale,DEOC,Western Larkspur
Dendromecon rigida,DERI,Tree Poppy
Dennstaedtia punctilobula,DEPU2,Eastern Hayscented Fern
Deparia acrostichoides,DEAC4,Silver False Spleenwort
Deschampsia beringensis,DEBE2,Bering's Tufted Hairgrass
Deschampsia cespitosa,DECE,Tufted Hairgrass
Deschampsia danthonioides,DEDA,Annual Hairgrass
Deschampsia elongata,DEEL,Slender Hairgrass
Deschampsia flexuosa,DEFL,Wavy Hairgrass
Descurainia californica,DECA6,Sierra Tansymustard
Descurainia incana,DEIN5,Mountain Tansymustard
Descurainia pinnata,DEPI,Western Tansymustard
Desmanthus illinoensis,DEIL,Illinois Bundleflower
Desmanthus virgatus,DEVI3,Wild Tantan
Desmodium canadense,DECA7,Showy Ticktrefoil
Desmodium canescens,DECA8,Hoary Ticktrefoil
Desmodium ciliare,DECI,Hairy Small-Leaf Ticktrefoil
Desmodium cuspidatum,DECU,Largebract Ticktrefoil
Desmodium glabellum,DEGL4,Dillenius' Ticktrefoil
Desmodium illinoense,DEIL2,Illinois Ticktrefoil
Desmodium marilandicum,DEMA2,Smooth Small-Leaf Ticktrefoil
Desmodium nudiflorum,DENU4,Nakedflower Ticktrefoil
Desmodium nuttallii,DENU5,Nuttall's Ticktrefoil
Desmodium obtusum,DEOB5,Stiff Ticktrefoil
Desmodium paniculatum,DEPA6,Panicledleaf Ticktrefoil
Desmodium perplexum,DEPE80,Perplexed Ticktrefoil
Desmodium rotundifolium,DERO3,Prostrate Ticktrefoil
Desmodium sessilifolium,DESE,Sessileleaf Ticktrefoil
Desmodium strictum,DEST2,Pine Barren Ticktrefoil
Desmodium tortuosum,DETO,Dixie Ticktrefoil
Desmodium viridiflorum,DEVI4,Velvetleaf Ticktrefoil
Dianella sandwicensis,DISA6,Uki'uki
Diapensia lapponica,DILA,Pincushion Plant
Diarrhena americana,DIAM,American Beakgrain
Dicentra canadensis,DICA,Squirrel Corn
Dicentra cucullaria,DICU,Dutchman's Breeches
Dicentra eximia,DIEX,Turkey Corn
Dicentra formosa,DIFO,Pacific Bleeding Heart
Dicentra pauciflora,DIPA,Shorthorn Steer's-Head
Dicentra uniflora,DIUN,Longhorn Steer's-Head
Dicerandra frutescens,DIFR,Scrub Balm
Dichanthelium aciculare,DIAC,Needleleaf Rosette Grass
Dichanthelium acuminatum,DIAC2,Tapered Rosette Grass
Dichanthelium clandestinum,DICL,Deertongue
Dichanthelium commutatum,DICO2,Variable Panicgrass
Dichanthelium dichotomum,DIDI6,Cypress Panicgrass
Dichanthelium latifolium,DILA8,Broadleaf Rosette Grass
Dichanthelium oligosanthes,DIOL,Heller's Rosette Grass
Dichanthelium ovale,DIOV,Eggleaf Rosette Grass
Dichanthelium scabriusculum,DISC2,Woolly Rosette Grass
Dichanthelium scoparium,DISC3,Velvet Panicum
Dichanthelium wilcoxianum,DIWI5,Fall Rosette Grass
Dichelostemma capitatum,DICA14,Bluedicks
Dichelostemma congestum,DICO19,Ookow
Dichelostemma ida-maia,DIID,Firecracker Flower
Dichelostemma multiflorum,DIMU5,Roundtooth Snakelily
Dichelostemma volubile,DIVO,Twining Snakelily
Dicliptera brachiata,DIBR2,Branched Foldwing
Dicliptera sexangularis,DISE9,Sixangle Foldwing
Dicoria canescens,DICA4,Desert Twinbugs
Diervilla lonicera,DILO,Northern Bush Honeysuckle
Diervilla sessilifolia,DISE,Southern Bush Honeysuckle
Digitaria californica,DICA8,Arizona Cottontop
Digitaria ciliaris,DICI,Southern Crabgrass
Digitaria cognata,DICO6,Fall Witchgrass
Digitaria filiformis,DIFI,Slender Crabgrass
Dimorphocarpa wislizeni,DIWI2,Touristplant
Diodia teres,DITE2,Poorjoe
Dionaea muscipula,DIMU4,Venus Flytrap
Diospyros hillebrandii,DIHI4,Elama
Diospyros sandwicensis,DISA10,Lama
Diospyros texana,DITE3,Texas Persimmon
Diospyros virginiana,DIVI5,Common Persimmon
Diphylleia cymosa,DICY2,American Umbrellaleaf
Diplacus aurantiacus,DIAU,Orange Bush Monkeyflower
Diplacus calycinus,DICA12,Kaweah River Bush Monkeyflower
Diplacus longiflorus,DILO6,Southern Bush Monkeyflower
Diplacus parviflorus,DIPA10,Island Bush Monkeyflower
Diplazium pycnocarpon,DIPY,Glade Fern
Dirca palustris,DIPA9,Eastern Leatherwood
Distichlis spicata,DISP,Saltgrass
Ditrysinia fruticosa,DIFR6,Gulf Sebastian-Bush
Dodecatheon alpinum,DOAL,Alpine Shootingstar
Dodecatheon amethystinum,DOAM,Jeweled Shootingstar
Dodecatheon clevelandii,DOCL,Padre's Shootingstar
Dodecatheon conjugens,DOCO,Bonneville Shootingstar
Dodecatheon dentatum,DODE,White Shootingstar
Dodecatheon frigidum,DOFR,Western Arctic Shootingstar
Dodecatheon hendersonii,DOHE,Mosquito Bills
Dodecatheon jeffreyi,DOJE,Sierra Shootingstar
Dodecatheon meadia,DOME,Pride Of Ohio
Dodecatheon pulchellum,DOPU,Darkthroat Shootingstar
Dodecatheon redolens,DORE,Scented Shootingstar
Dodecatheon subalpinum,DOSU,Sierra Shootingstar
Dodonaea viscosa,DOVI,Florida Hopbush
Doellingeria infirma,DOIN2,Cornel-Leaf Whitetop
Doellingeria umbellata,DOUM2,Parasol Whitetop
Douglasia laevigata,DOLA,Cliff Dwarf-Primrose
Downingia bicornuta,DOBI,Doublehorn Calicoflower
Downingia cuspidata,DOCU,Toothed Calicoflower
Downingia elegans,DOEL,Elegant Calicoflower
Downingia laeta,DOLA2,Great Basin Calicoflower
Downingia yina,DOYI,Cascade Calicoflower
Draba albertina,DRAL4,Slender Draba
Draba arabisans,DRAR,Rock Draba
Draba asprella,DRAS,Rough Draba
Draba breweri,DRBR2,Cushion Draba
Draba crassifolia,DRCR2,Snowbed Draba
Draba cuneifolia,DRCU,Wedgeleaf Draba
Draba glabella,DRGL,Smooth Draba
Draba howellii,DRHO,Rosette Draba
Dracocephalum parviflorum,DRPA2,American Dragonhead
Dracopis amplexicaulis,DRAM,Clasping Coneflower
Draperia systyla,DRSY,Violet Draperia
Drosera anglica,DRAN,English Sundew
Drosera filiformis,DRFI,Threadleaf Sundew
Drosera intermedia,DRIN3,Spoonleaf Sundew
Drosera linearis,DRLI,Slenderleaf Sundew
Drosera rotundifolia,DRRO,Roundleaf Sundew
Dryas drummondii,DRDR,Drummond's Mountain-Avens
Dryas integrifolia,DRIN4,Entireleaf Mountain-Avens
Dryas octopetala,DROC,Eightpetal Mountain-Avens
Dryopteris arguta,DRAR3,Coastal Woodfern
Dryopteris campyloptera,DRCA3,Mountain Woodfern
Dryopteris cristata,DRCR4,Crested Woodfern
Dryopteris filix-mas,DRFI2,Male Fern
Dryopteris marginalis,DRMA4,Marginal Woodfern
Drypetes lateriflora,DRLA3,Guiana Plum
Dudleya abramsii,DUAB,Abrams' Liveforever
Dudleya blochmaniae,DUBL,Blochman's Liveforever
Dudleya candelabrum,DUCA2,Candleholder Liveforever
Dudleya cymosa,DUCY,Canyon Liveforever
Dudleya greenei,DUGR,Greene's Liveforever
Dudleya lanceolata,DULA,Lanceleaf Liveforever
Dudleya pulverulenta,DUPU,Chalk Dudleya
Dudleya saxosa,DUSA,Panamint Liveforever
Dudleya variegata,DUVA,Variegated Liveforever
Dudleya virens,DUVI,Bright Green Dudleya
Dulichium arundinaceum,DUAR3,Three-Way Sedge
Duranta erecta,DUER,Golden Dewdrops
Dyschoriste linearis,DYLI,Polkadots
Dyssodia papposa,DYPA,Fetid Marigold
Ebenopsis ebano,EBEB,Texas Ebony
Echeandia chandleri,ECCH3,Chandler's Craglily
Echeveria strictiflora,ECST,Desert Savior
Echinacea angustifolia,ECAN2,Narrowleaf Coneflower
Echinacea atrorubens,ECAT,Topeka Purple Coneflower
Echinacea laevigata,ECLA,Smooth Purple Coneflower
Echinacea pallida,ECPA,Pale Purple Coneflower
Echinacea paradoxa,ECPA2,Bush's Purple Coneflower
Echinacea purpurea,ECPU,Purple Coneflower
Echinacea sanguinea,ECSA,Sanguine Purple Coneflower
Echinacea simulata,ECSI,Wavyleaf Purple Coneflower
Echinocactus texensis,ECTE,Horse Crippler
Echinocereus boyce-thompsonii,ECBO3,Boyce Thompson Hedgehog Cactus
Echinocereus chisoensis,ECCH2,Chisos Mountain Hedgehog Cactus
Echinocereus coccineus,ECCO5,Scarlet Hedgehog Cactus
Echinocereus engelmannii,ECEN,Engelmann's Hedgehog Cactus
Echinocereus fendleri,ECFE,Pinkflower Hedgehog Cactus
Echinocereus pectinatus,ECPE,Rainbow Cactus
Echinocereus polyacanthus,ECPO6,Mojave Mound Cactus
Echinocereus reichenbachii,ECRE,Lace Hedgehog Cactus
Echinocereus rigidissimus,ECRI3,Rainbow Hedgehog Cactus
Echinocereus triglochidiatus,ECTR,Kingcup Cactus
Echinocereus viridiflorus,ECVI2,Nylon Hedgehog Cactus
Echinochloa muricata,ECMU2,Rough Barnyardgrass
Echinochloa walteri,ECWA,Coast Cockspur Grass
Echinocystis lobata,ECLO,Wild Cucumber
Echinomastus erectocentrus,ECER2,Redspine Fishhook Cactus
Echites umbellatus,ECUM2,Devil's Potato
Eclipta prostrata,ECPR,False Daisy
Ehrendorferia chrysantha,EHCH,Golden Eardrops
Ehretia anacua,EHAN,Knockaway
Elaeagnus commutata,ELCO,Silverberry
Elatine americana,ELAM3,American Waterwort
Eleocharis acicularis,ELAC,Needle Spikerush
Eleocharis cellulosa,ELCE,Gulf Coast Spikerush
Eleocharis compressa,ELCO2,Flatstem Spikerush
Eleocharis elliptica,ELEL4,Elliptic Spikerush
Eleocharis equisetoides,ELEQ,Jointed Spikesedge
Eleocharis obtusa,ELOB2,Blunt Spikerush
Eleocharis ovata,ELOV,Ovate Spikerush
Eleocharis palustris,ELPA3,Common Spikerush
Eleocharis parvula,ELPA5,Dwarf Spikerush
Eleocharis quadrangulata,ELQU,Squarestem Spikerush
Eleocharis rostellata,ELRO2,Beaked Spikerush
Eleocharis tenuis,ELTE,Slender Spikerush
Elephantopus carolinianus,ELCA3,Carolina Elephantsfoot
Elliottia pyroliflora,ELPY,Copperbush
Ellisia nyctelea,ELNY,Aunt Lucy
Elodea canadensis,ELCA7,Canadian Waterweed
Elymus canadensis,ELCA4,Nodding Wild Rye
Elymus elymoides,ELEL5,Squirreltail
Elymus glabriflorus,ELGL3,Southeastern Wildrye
Elymus glaucus,ELGL,Blue Wildrye
Elymus hystrix,ELHY,Eastern Bottlebrush Grass
Elymus lanceolatus,ELLA3,Thickspike Wheatgrass
Elymus macgregorii,ELMA,Early Wildrye
Elymus riparius,ELRI,Riverbank Wildrye
Elymus trachycaulus,ELTR7,Slender Wheatgrass
Elymus villosus,ELVI,Hairy Wildrye
Elymus virginicus,ELVI3,Virginia Wildrye
Elymus wiegandii,ELWI,Wiegand's Wildrye
Emmenanthe penduliflora,EMPE,Whisperingbells
Empetrum nigrum,EMNI,Black Crowberry
Encelia actonii,ENAC,Acton's Brittlebush
Encelia californica,ENCA,California Brittlebush
Encelia farinosa,ENFA,Brittlebush
Encelia frutescens,ENFR,Button Brittlebush
Encelia virginensis,ENVI,Virgin River Brittlebush
Enceliopsis argophylla,ENAR,Silverleaf Sunray
Enceliopsis covillei,ENCO,Panamint Daisy
Enceliopsis nudicaulis,ENNU,Nakedstem Sunray
Enemion biternatum,ENBI,Eastern False Rue Anemone
Enemion stipitatum,ENST,Siskiyou False Rue Anemone
Engelmannia peristenia,ENPE4,Engelmann's Daisy
Ephedra aspera,EPAS,Rough Jointfir
Ephedra nevadensis,EPNE,Nevada Jointfir
Ephedra torreyana,EPTO,Torrey's Jointfir
Ephedra trifurca,EPTR,Longleaf Jointfir
Ephedra viridis,EPVI,Mormon Tea
Epigaea repens,EPRE2,Trailing Arbutus
Epilobium anagallidifolium,EPAN4,Pimpernel Willowherb
Epilobium brachycarpum,EPBR3,Tall Annual Willowherb
Epilobium canum,EPCA3,Hummingbird Trumpet
Epilobium ciliatum,EPCI,Fringed Willowherb
Epilobium coloratum,EPCO,Purpleleaf Willowherb
Epilobium densiflorum,EPDE4,Denseflower Willowherb
Epilobium glaberrimum,EPGL,Glaucus Willowherb
Epilobium hornemannii,EPHO,Hornemann's Willowherb
Epilobium lactiflorum,EPLA3,Milkflower Willowherb
Epilobium leptophyllum,EPLE2,Bog Willowherb
Epilobium minutum,EPMI,Chaparral Willowherb
Epilobium obcordatum,EPOB,Rockfringe
Epilobium oregonense,EPOR2,Oregon Willowherb
Epilobium palustre,EPPA,Marsh Willowherb
Epilobium septentrionale,EPSE3,Northern Willowherb
Epilobium strictum,EPST,Downy Willowherb
Equisetum arvense,EQAR,Field Horsetail
Equisetum fluviatile,EQFL,Water Horsetail
Equisetum laevigatum,EQLA,Smooth Horsetail
Equisetum sylvaticum,EQSY,Woodland Horsetail
Eragrostis hypnoides,ERHY,Teal Lovegrass
Eragrostis intermedia,ERIN,Plains Lovegrass
Eragrostis pectinacea,ERPE,Tufted Lovegrass
Eragrostis spectabilis,ERSP,Purple Lovegrass
Eragrostis trichodes,ERTR3,Sand Lovegrass
Eragrostis variabilis,ERVA,Kawelu
Erechtites hieraciifolius,ERHI12,American Burnweed
Eremalche exilis,EREX3,White Mallow
Eremalche parryi,ERPA14,Parry's Mallow
Eremalche rotundifolia,ERRO8,Desert Fivespot
Eriastrum diffusum,ERDI2,Miniature Woollystar
Eriastrum sapphirinum,ERSA,Sapphire Woollystar
Eriastrum sparsiflorum,ERSP3,Great Basin Woollystar
Eriastrum virgatum,ERVI2,Wand Woollystar
Eriastrum wilcoxii,ERWI,Wilcox's Woollystar
Ericameria arborescens,ERAR27,Goldenfleece
Ericameria bloomeri,ERBL2,Rabbitbush
Ericameria cooperi,ERCO23,Cooper's Goldenbush
Ericameria discoidea,ERDI14,Whitestem Goldenbush
Ericameria ericoides,ERER11,California Goldenbush
Ericameria laricifolia,ERLA12,Turpentine Bush
Ericameria linearifolia,ERLI6,Narrowleaf Goldenbush
Ericameria nauseosa,ERNA10,Rubber Rabbitbrush
Ericameria palmeri,ERPA15,Palmer's Goldenbush
Ericameria paniculata,ERPA29,Mojave Rabbitbrush
Ericameria parryi,ERPA30,Parry's Rabbitbrush
Ericameria pinifolia,ERPI7,Pinebush
Ericameria suffruticosa,ERSU13,Singlehead Goldenbush
Ericameria teretifolia,ERTE18,Green Rabbitbrush
Erigenia bulbosa,ERBU,Harbinger Of Spring
Erigeron acris,ERAC2,Bitter Fleabane
Erigeron algidus,ERAL18,Stalked Fleabane
Erigeron annuus,ERAN,Eastern Daisy Fleabane
Erigeron aphanactis,ERAP,Rayless Shaggy Fleabane
Erigeron argentatus,ERAR3,Silver Fleabane
Erigeron bellidiastrum,ERBE2,Western Daisy Fleabane
Erigeron breweri,ERBR4,Brewer's Fleabane
Erigeron caespitosus,ERCA2,Tufted Fleabane
Erigeron canus,ERCA4,Hoary Fleabane
Erigeron cervinus,ERCE,Siskiyou Fleabane
Erigeron clokeyi,ERCL,Clokey's Fleabane
Erigeron colomexicanus,ERCO28,Running Fleabane
Erigeron compositus,ERCO4,Cutleaf Daisy
Erigeron corymbosus,ERCO5,Longleaf Fleabane
Erigeron coulteri,ERCO6,Large Mountain Fleabane
Erigeron divergens,ERDI4,Spreading Fleabane
Erigeron eatonii,EREA,Eaton's Fleabane
Erigeron elatior,EREL9,Tall Fleabane
Erigeron elmeri,EREL15,Elmer's Erigeron
Erigeron engelmannii,EREN,Engelmann's Fleabane
Erigeron filifolius,ERFI2,Threadleaf Fleabane
Erigeron flagellaris,ERFL,Trailing Fleabane
Erigeron foliosus,ERFO2,Leafy Fleabane
Erigeron formosissimus,ERFO3,Beautiful Fleabane
Erigeron geiseri,ERGE,Geiser's Fleabane
Erigeron glabellus,ERGL2,Streamside Fleabane
Erigeron glaucus,ERGL3,Seaside Fleabane
Erigeron humilis,ERHU,Arctic Alpine Fleabane
Erigeron hyssopifolius,ERHY5,Hyssopleaf Fleabane
Erigeron lanatus,ERLA,Woolly Fleabane
Erigeron leiomerus,ERLE6,Rockslide Yellow Fleabane
Erigeron linearis,ERLI,Desert Yellow Fleabane
Erigeron melanocephalus,ERME2,Blackhead Fleabane
Erigeron modestus,ERMO2,Plains Fleabane
Erigeron nematophyllus,ERNE2,Needleleaf Fleabane
Erigeron oreophilus,EROR5,Chaparral Fleabane
Erigeron peregrinus,ERPE3,Subalpine Fleabane
Erigeron petrophilus,ERPE5,Rockloving Erigeron
Erigeron philadelphicus,ERPH,Philadelphia Fleabane
Erigeron pinnatisectus,ERPI6,Featherleaf Fleabane
Erigeron poliospermus,ERPO2,Purple Cushion Fleabane
Erigeron procumbens,ERPR16,Corpus Christi Fleabane
Erigeron pulchellus,ERPU,Robin's Plantain
Erigeron pulcherrimus,ERPU9,Basin Fleabane
Erigeron pumilus,ERPU2,Shaggy Fleabane
Erigeron pygmaeus,ERPY,Pygmy Fleabane
Erigeron quercifolius,ERQU,Oakleaf Fleabane
Erigeron rhizomatus,ERRH2,Rhizome Fleabane
Erigeron simplex,ERSI3,Onestem Fleabane
Erigeron sionis,ERSI6,Zion Fleabane
Erigeron speciosus,ERSP4,Aspen Fleabane
Erigeron strigosus,ERST3,Prairie Fleabane
Erigeron subtrinervis,ERSU2,Threenerve Fleabane
Erigeron tenuis,ERTE7,Slenderleaf Fleabane
Erigeron uniflorus,ERUN4,Oneflower Fleabane
Erigeron ursinus,ERUR2,Bear River Fleabane
Erigeron utahensis,ERUT,Utah Fleabane
Erigeron vernus,ERVE,Early Whitetop Fleabane
Erigeron versicolor,ERVE13,Changing Fleabane
Eriocaulon decangulare,ERDE5,Tenangle Pipewort
Eriochloa polystachya,ERPO3,Caribgrass
Eriochloa punctata,ERPU4,Louisiana Cupgrass
Eriodictyon angustifolium,ERAN2,Narrowleaf Yerba Santa
Eriodictyon californicum,ERCA6,California Yerba Santa
Eriodictyon crassifolium,ERCR2,Thickleaf Yerba Santa
Eriodictyon parryi,ERPA7,Poodle-Dog Bush
Eriodictyon tomentosum,ERTO,Woolly Yerba Santa
Eriodictyon trichocalyx,ERTR7,Hairy Yerba Santa
Eriogonum abertianum,ERAB2,Abert's Buckwheat
Eriogonum acaule,ERAC3,Singlestem Buckwheat
Eriogonum alatum,ERAL4,Winged Buckwheat
Eriogonum ammophilum,ERAM6,Ibex Buckwheat
Eriogonum annuum,ERAN4,Annual Buckwheat
Eriogonum arborescens,ERAR6,Santa Cruz Island Buckwheat
Eriogonum baileyi,ERBA7,Bailey's Buckwheat
Eriogonum batemanii,ERBA5,Bateman's Buckwheat
Eriogonum caespitosum,ERCA8,Matted Buckwheat
Eriogonum capistratum,ERCA17,Hidden Buckwheat
Eriogonum cernuum,ERCE2,Nodding Buckwheat
Eriogonum cinereum,ERCI5,Coastal Buckwheat
Eriogonum compositum,ERCO12,Arrowleaf Buckwheat
Eriogonum contiguum,ERCO20,Reveal's Buckwheat
Eriogonum corymbosum,ERCO14,Crispleaf Buckwheat
Eriogonum covilleanum,ERCO17,Coville's Buckwheat
Eriogonum crocatum,ERCR3,Conejo Buckwheat
Eriogonum davidsonii,ERDA4,Davidson's Buckwheat
Eriogonum deflexum,ERDE6,Flatcrown Buckwheat
Eriogonum desertorum,ERDE11,Great Basin Desert Buckwheat
Eriogonum douglasii,ERDO,Douglas' Buckwheat
Eriogonum effusum,EREF,Spreading Buckwheat
Eriogonum elatum,EREL5,Tall Woolly Buckwheat
Eriogonum elongatum,EREL6,Longstem Buckwheat
Eriogonum fasciculatum,ERFA2,Eastern Mojave Buckwheat
Eriogonum flavum,ERFL4,Alpine Golden Buckwheat
Eriogonum foliosum,ERFO4,Baja Buckwheat
Eriogonum giganteum,ERGI2,St. Catherine's Lace
Eriogonum gracile,ERGR5,Slender Woolly Buckwheat
Eriogonum grande,ERGR12,Redflower Buckwheat
Eriogonum gypsophilum,ERGY,Seven River Hills Buckwheat
Eriogonum heermannii,ERHE,Heermann's Buckwheat
Eriogonum heracleoides,ERHE2,Parsnipflower Buckwheat
Eriogonum incanum,ERIN9,Frosted Buckwheat
Eriogonum inflatum,ERIN4,Desert Trumpet
Eriogonum insigne,ERIN10,Ladder Buckwheat
Eriogonum jamesii,ERJA,James' Buckwheat
Eriogonum kennedyi,ERKE2,Kennedy's Buckwheat
Eriogonum kingii,ERKI,Ruby Mountain Buckwheat
Eriogonum latifolium,ERLA5,Seaside Buckwheat
Eriogonum leptocladon,ERLE9,Sand Buckwheat
Eriogonum lobbii,ERLO2,Lobb's Buckwheat
Eriogonum lonchophyllum,ERLO4,Spearleaf Buckwheat
Eriogonum longifolium,ERLO5,Longleaf Buckwheat
Eriogonum marifolium,ERMA4,Marumleaf Buckwheat
Eriogonum microthecum,ERMI4,Slender Buckwheat
Eriogonum molestum,ERMO4,Pineland Buckwheat
Eriogonum multiflorum,ERMU4,Heartsepal Buckwheat
Eriogonum nealleyi,ERNE5,Irion County Buckwheat
Eriogonum niveum,ERNI2,Snow Buckwheat
Eriogonum nortonii,ERNO2,Pinnacles Buckwheat
Eriogonum nudum,ERNU3,Naked Buckwheat
Eriogonum nummulare,ERNU4,Money Buckwheat
Eriogonum ovalifolium,EROV,Cushion Buckwheat
Eriogonum palmerianum,ERPA11,Palmer's Buckwheat
Eriogonum parishii,ERPA6,Mountainmist
Eriogonum parvifolium,ERPA8,Seacliff Buckwheat
Eriogonum plumatella,ERPL3,Yucca Buckwheat
Eriogonum polycladon,ERPO4,Sorrel Buckwheat
Eriogonum polypodum,ERPO8,Foxtail Buckwheat
Eriogonum prattenianum,ERPR8,Nevada City Buckwheat
Eriogonum purpusii,ERPU15,Purpus' Buckwheat
Eriogonum pusillum,ERPU6,Yellowturbans
Eriogonum pyrolifolium,ERPY2,Shasta Buckwheat
Eriogonum racemosum,ERRA3,Redroot Buckwheat
Eriogonum reniforme,ERRE3,Kidneyleaf Buckwheat
Eriogonum rixfordii,ERRI2,Pagoda Buckwheat
Eriogonum robustum,ERRO10,Granite Buckwheat
Eriogonum roseum,ERRO6,Wand Buckwheat
Eriogonum rotundifolium,ERRO2,Roundleaf Buckwheat
Eriogonum saxatile,ERSA6,Hoary Buckwheat
Eriogonum shockleyi,ERSH,Shockley's Buckwheat
Eriogonum siskiyouense,ERSI5,Siskiyou Buckwheat
Eriogonum smithii,ERSM,Flat-Top Buckwheat
Eriogonum spergulinum,ERSP6,Spurry Buckwheat
Eriogonum sphaerocephalum,ERSP7,Rock Buckwheat
Eriogonum strictum,ERST4,Blue Mountain Buckwheat
Eriogonum tenellum,ERTE9,Tall Buckwheat
Eriogonum thymoides,ERTH4,Thymeleaf Buckwheat
Eriogonum tomentosum,ERTO2,Dogtongue Buckwheat
Eriogonum trichopes,ERTR8,Little Deserttrumpet
Eriogonum umbellatum,ERUM,Sulphur-Flower Buckwheat
Eriogonum vimineum,ERVI5,Wickerstem Buckwheat
Eriogonum wrightii,ERWR,Bastardsage
Erioneuron pilosum,ERPI5,Hairy Woollygrass
Eriophorum angustifolium,ERAN6,Tall Cottongrass
Eriophorum gracile,ERGR8,Slender Cottongrass
Eriophorum vaginatum,ERVA4,Tussock Cottongrass
Eriophorum virginicum,ERVI8,Tawny Cottongrass
Eriophyllum confertiflorum,ERCO25,Golden-Yarrow
Eriophyllum lanatum,ERLA6,Common Woolly Sunflower
Eriophyllum stoechadifolium,ERST9,Seaside Woolly Sunflower
Eryngium aquaticum,ERAQ,Rattlesnakemaster
Eryngium cuneifolium,ERCU4,Wedgeleaf Eryngo
Eryngium diffusum,ERDI7,Spreading Eryngo
Eryngium heterophyllum,ERHE3,Wright's Eryngo
Eryngium hookeri,ERHO9,Hooker's Eryngo
Eryngium integrifolium,ERIN6,Blueflower Eryngo
Eryngium leavenworthii,ERLE11,Leavenworth's Eryngo
Eryngium petiolatum,ERPE7,Rushleaf Eryngo
Eryngium prostratum,ERPR5,Creeping Eryngo
Eryngium vaseyi,ERVA5,Coyotethistle
Eryngium yuccifolium,ERYU,Rattlesnake Master
Erysimum asperum,ERAS2,Western Wallflower
Erysimum capitatum,ERCA14,Sanddune Wallflower
Erysimum franciscanum,ERFR3,San Francisco Wallflower
Erythrina flabelliformis,ERFL7,Coralbean
Erythrina herbacea,ERHE4,Redcardinal
Erythrina sandwicensis,ERSA11,Wili Wili
Erythronium albidum,ERAL9,White Fawnlily
Erythronium americanum,ERAM5,Dogtooth Violet
Erythronium grandiflorum,ERGR9,Yellow Avalanche-Lily
Erythronium oregonum,EROR4,Giant White Fawnlily
Erythronium rostratum,ERRO5,Yellow Troutlily
Eschscholzia caespitosa,ESCA,Tufted Poppy
Eschscholzia californica,ESCA2,California Poppy
Eschscholzia glyptosperma,ESGL,Desert Poppy
Eschscholzia minutiflora,ESMI,Pygmy Poppy
Eschscholzia parishii,ESPA,Parish's Poppy
Escobaria vivipara,ESVI2,Spinystar
Eubotrys racemosus,EURA14,Swamp Doghobble
Eucephalus breweri,EUBR12,Brewer's Aster
Eucephalus brickellioides,EUBR13,Brickellbush Aster
Eucephalus engelmannii,EUEN,Engelmann's Aster
Eucephalus ledophyllus,EULE14,Cascade Aster
Eucnide urens,EUUR,Desert Stingbush
Eugenia axillaris,EUAX,White Stopper
Eugenia foetida,EUFO3,Boxleaf Stopper
Eugenia rhombea,EURH,Red Stopper
Euonymus americanus,EUAM9,Bursting-Heart
Euonymus atropurpureus,EUAT5,Burningbush
Euonymus obovatus,EUOB8,Running Strawberry Bush
Euonymus occidentalis,EUOC8,Western Burning Bush
Eupatorium album,EUAL2,White Thoroughwort
Eupatorium altissimum,EUAL3,Tall Thoroughwort
Eupatorium capillifolium,EUCA5,Dogfennel
Eupatorium compositifolium,EUCO7,Yankeeweed
Eupatorium hyssopifolium,EUHY,Hyssopleaf Thoroughwort
Eupatorium novae-angliae,EUNO,New England Justiceweed
Eupatorium perfoliatum,EUPE3,Common Boneset
Eupatorium pilosum,EUPI2,Rough Boneset
Eupatorium rotundifolium,EURO4,Roundleaf Thoroughwort
Eupatorium serotinum,EUSE2,Lateflowering Thoroughwort
Eupatorium sessilifolium,EUSE3,Upland Boneset
Euphorbia corollata,EUCO10,Flowering Spurge
Euphorbia cyathophora,EUCY,Fire On The Mountain
Euphorbia heterophylla,EUHE4,Mexican Fireplant
Eurybia conspicua,EUCO36,Western Showy Aster
Eurybia divaricata,EUDI16,White Wood Aster
Eurybia glauca,EUGL19,Gray Aster
Eurybia integrifolia,EUIN9,Thickstem Aster
Eurybia macrophylla,EUMA27,Bigleaf Aster
Eurybia radula,EURA10,Low Rough Aster
Eurybia radulina,EURA11,Roughleaf Aster
Eurybia schreberi,EUSC5,Schreber's Aster
Eurybia spectabilis,EUSP3,Eastern Showy Aster
Eustoma exaltatum,EUEX5,Catchfly Prairie Gentian
Euthamia caroliniana,EUCA26,Slender Goldentop
Euthamia graminifolia,EUGR5,Flat-Top Goldentop
Euthamia gymnospermoides,EUGY,Texas Goldentop
Euthamia leptocephala,EULE4,Bushy Goldentop
Euthamia occidentalis,EUOC4,Western Goldentop
Eutrochium dubium,EUDU6,Coastal Plain Joe Pye Weed
Eutrochium fistulosum,EUFI14,Joe Pye Weed
Eutrochium maculatum,EUMA9,Spotted Joe Pye Weed
Eutrochium purpureum,EUPU21,Sweetscented Joe Pye Weed
Fagus grandifolia,FAGR,American Beech
Fallugia paradoxa,FAPA,Apache Plume
Fendlera rupicola,FERU,Cliff Fendlerbush
Fendlerella utahensis,FEUT,Utah Fendlerbush
Ferocactus cylindraceus,FECY,California Barrel Cactus
Ferocactus wislizeni,FEWI,Candy Barrelcactus
Festuca arizonica,FEAR2,Arizona Fescue
Festuca brachyphylla,FEBR,Alpine Fescue
Festuca californica,FECA,California Fescue
Festuca campestris,FECA4,Rough Fescue
Festuca idahoensis,FEID,Idaho Fescue
Festuca occidentalis,FEOC,Western Fescue
Festuca rubra,FERU2,Red Fescue
Festuca subulata,FESU,Bearded Fescue
Festuca subverticillata,FESU3,Nodding Fescue
Festuca thurberi,FETH,Thurber's Fescue
Festuca viridula,FEVI,Greenleaf Fescue
Festuca viviparoidea,FEVI4,Northern Fescue
Ficus aurea,FIAU,Florida Strangler Fig
Ficus citrifolia,FICI,Wild Banyantree
Flaveria campestris,FLCA,Alkali Yellowtops
Flaveria linearis,FLLI,Narrowleaf Yellowtops
Flourensia cernua,FLCE,American Tarwort
Forestiera acuminata,FOAC,Eastern Swampprivet
Forestiera angustifolia,FOAN,Texas Swampprivet
Forestiera pubescens,FOPU2,Stretchberry
Forestiera segregata,FOSE,Florida Swampprivet
Fothergilla gardenii,FOGA,Dwarf Witchalder
Fothergilla major,FOMA,Mountain Witchalder
Fouquieria splendens,FOSP2,Ocotillo
Fragaria cascadensis,FRCA,Cascades Strawberry
Fragaria chiloensis,FRCH,Beach Strawberry
Fragaria vesca,FRVE,Woodland Strawberry
Fragaria virginiana,FRVI,Virginia Strawberry
Fragaria ×ananassa,FRAN,Strawberry
Frangula betulifolia,FRBE2,Beechleaf Frangula
Frangula californica,FRCA12,California Buckthorn
Frangula purshiana,FRPU7,Cascara Buckthorn
Frangula rubra,FRRU,Red Buckthorn
Frankenia salina,FRSA,Alkali Seaheath
Frasera albomarginata,FRAL5,Desert Frasera
Frasera caroliniensis,FRCA2,American Columbo
Frasera fastigiata,FRFA,Clustered Green Gentian
Frasera parryi,FRPA3,Coahuila Frasera
Frasera speciosa,FRSP,Elkweed
Fraxinus albicans,FRAL3,Texas Ash
Fraxinus americana,FRAM2,White Ash
Fraxinus anomala,FRAN2,Singleleaf Ash
Fraxinus berlandieriana,FRBE,Mexican Ash
Fraxinus caroliniana,FRCA3,Carolina Ash
Fraxinus dipetala,FRDI2,California Ash
Fraxinus greggii,FRGR2,Gregg's Ash
Fraxinus latifolia,FRLA,Oregon Ash
Fraxinus nigra,FRNI,Black Ash
Fraxinus pennsylvanica,FRPE,Green Ash
Fraxinus profunda,FRPR,Pumpkin Ash
Fraxinus quadrangulata,FRQU,Blue Ash
Fraxinus velutina,FRVE2,Velvet Ash
Fremontodendron californicum,FRCA6,California Flannelbush
Freycinetia arborea,FRAR,Ie'ie
Fritillaria affinis,FRAF2,Checker Lily
Fritillaria agrestis,FRAG,Stinkbells
Fritillaria atropurpurea,FRAT,Spotted Fritillary
Fritillaria pudica,FRPU2,Yellow Fritillary
Fritillaria recurva,FRRE,Scarlet Fritillary
Funastrum clausum,FUCL,White Twinevine
Funastrum cynanchoides,FUCY,Fringed Twinevine
Funastrum hirtellum,FUHI,Hairy Milkweed
Gaillardia aestivalis,GAAE,Lanceleaf Blanketflower
Gaillardia amblyodon,GAAM,Maroon Blanketflower
Gaillardia aristata,GAAR,Blanketflower
Gaillardia arizonica,GAAR2,Arizona Blanketflower
Gaillardia multiceps,GAMU,Onion Blanketflower
Gaillardia parryi,GAPA,Parry's Blanketflower
Gaillardia pinnatifida,GAPI,Red Dome Blanketflower
Gaillardia pulchella,GAPU,Blanketflower
Gaillardia suavis,GASU,Perfumeballs
Galactia elliottii,GAEL2,Elliott's Milkpea
Galactia regularis,GARE2,Eastern Milkpea
Galactia striata,GAST2,Florida Hammock Milkpea
Galactia volubilis,GAVO,Downy Milkpea
Galax urceolata,GAUR2,Beetleweed
Galearis spectabilis,GASP5,Showy Orchid
Galium angustifolium,GAAN2,Narrowleaf Bedstraw
Galium aparine,GAAP2,Stickywilly
Galium asprellum,GAAS2,Rough Bedstraw
Galium bifolium,GABI,Twinleaf Bedstraw
Galium boreale,GABO2,Northern Bedstraw
Galium nuttallii,GANU,Climbing Bedstraw
Galium obtusum,GAOB,Bluntleaf Bedstraw
Galium oreganum,GAOR,Oregon Bedstraw
Galium tinctorium,GATI,Stiff Marsh Bedstraw
Galium trifidum,GATR2,Threepetal Bedstraw
Gambelia speciosa,GASP10,Showy Greenbright
Gamochaeta purpurea,GAPU3,Spoonleaf Purple Everlasting
Garberia heterophylla,GAHE4,Garberia
Gardenia brighamii,GABR,Forest Gardenia
Garrya fremontii,GAFR,Bearbrush
Garrya wrightii,GAWR3,Wright's Silktassel
Gaultheria hispidula,GAHI2,Creeping Snowberry
Gaultheria humifusa,GAHU,Alpine Spicywintergreen
Gaultheria procumbens,GAPR2,Eastern Teaberry
Gaultheria shallon,GASH,Salal
Gaura biennis,GABI2,Biennial Beeblossom
Gaura coccinea,GACO5,Scarlet Beeblossom
Gaura filipes,GAFI2,Slenderstalk Beeblossom
Gaura lindheimeri,GALI2,Lindheimer's Beeblossom
Gaura longiflora,GALO3,Longflower Beeblossom
Gaura neomexicana,GANE2,New Mexico Beeblossom
Gaura parviflora,GAPA6,Velvetweed
Gaura sinuata,GASI,Wavyleaf Beeblossom
Gaylussacia baccata,GABA,Black Huckleberry
Gaylussacia brachycera,GABR5,Box Huckleberry
Gaylussacia dumosa,GADU,Dwarf Huckleberry
Gaylussacia frondosa,GAFR2,Blue Huckleberry
Gaylussacia ursina,GAUR,Bear Huckleberry
Gayophytum decipiens,GADE2,Deceptive Groundsmoke
Gayophytum diffusum,GADI2,Spreading Groundsmoke
Gayophytum eriospermum,GAER2,Coville's Groundsmoke
Gayophytum heterozygum,GAHE3,Zigzag Groundsmoke
Gayophytum humile,GAHU2,Dwarf Groundsmoke
Gayophytum racemosum,GARA,Blackfoot Groundsmoke
Gayophytum ramosissimum,GARA2,Pinyon Groundsmoke
Gelsemium rankinii,GERA4,Rankin's Trumpetflower
Gelsemium sempervirens,GESE,Evening Trumpetflower
Gentiana affinis,GEAF,Pleated Gentian
Gentiana alba,GEAL4,Plain Gentian
Gentiana algida,GEAL2,Whitish Gentian
Gentiana andrewsii,GEAN,Bottle Gentian
Gentiana calycosa,GECA,Rainier Pleated Gentian
Gentiana clausa,GECL,Bottle Gentian
Gentiana glauca,GEGL,Pale Gentian
Gentiana linearis,GELI3,Narrowleaf Gentian
Gentiana newberryi,GENE,Alpine Gentian
Gentiana parryi,GEPA,Parry's Gentian
Gentiana prostrata,GEPR3,Pygmy Gentian
Gentiana puberulenta,GEPU5,Downy Gentian
Gentiana rubricaulis,GERU,Closed Gentian
Gentiana saponaria,GESA,Harvestbells
Gentiana sceptrum,GESC,King's Scepter Gentian
Gentiana villosa,GEVI5,Striped Gentian
Gentianella quinquefolia,GEQU2,Agueweed
Gentianopsis holopetala,GEHO3,Sierra Fringed Gentian
Geraea canescens,GECA2,Hairy DesertSunflower
Geranium bicknellii,GEBI2,Bicknell's Cranesbill
Geranium caespitosum,GECA3,Pineywoods Geranium
Geranium carolinianum,GECA5,Carolina Geranium
Geranium erianthum,GEER2,Woolly Geranium
Geranium maculatum,GEMA,Wild Geranium
Geranium oreganum,GEOR2,Oregon Geranium
Geranium richardsonii,GERI,Richardson's Geranium
Geranium viscosissimum,GEVI2,Sticky Purple Geranium
Geum canadense,GECA7,White Avens
Geum laciniatum,GELA,Rough Avens
Geum macrophyllum,GEMA4,Largeleaf Avens
Geum rivale,GERI2,Purple Avens
Geum rossii,GERO2,Ross' Avens
Geum triflorum,GETR,Old Man's Whiskers
Geum vernum,GEVE,Spring Avens
Gilia achilleifolia,GIAC2,California Gilia
Gilia angelensis,GIAN,Chaparral Gilia
Gilia cana,GICA3,Showy Gilia
Gilia capitata,GICA5,Bluehead Gilia
Gilia latiflora,GILA,Hollyleaf Gilia
Gilia leptantha,GILE2,Fineflower Gilia
Gilia sinuata,GISI,Rosy Gilia
Gilia tricolor,GITR2,Bird's-Eye Gilia
Giliastrum acerosum,GIAC4,Bluebowls
Gillenia stipulata,GIST5,American Ipecac
Glandularia bipinnatifida,GLBI2,Prairie Verbena
Glandularia canadensis,GLCA2,Rose Mock Vervain
Glaux maritima,GLMA,Sea Milkwort
Gleditsia aquatica,GLAQ,Water Locust
Gleditsia triacanthos,GLTR,Honeylocust
Gleditsia ×texana,GLTE,Hybrid Honeylocust
Glyceria acutiflora,GLAC,Creeping Mannagrass
Glyceria borealis,GLBO,Small Floating Mannagrass
Glyceria canadensis,GLCA,Rattlesnake Mannagrass
Glyceria grandis,GLGR,American Mannagrass
Glyceria laxa,GLLA,Limp Mannagrass
Glyceria melicaria,GLME2,Melic Mannagrass
Glyceria obtusa,GLOB,Atlantic Mannagrass
Glyceria septentrionalis,GLSE3,Floating Mannagrass
Glyceria striata,GLST,Fowl Mannagrass
Glycyrrhiza lepidota,GLLE3,American Licorice
Glyptopleura setulosa,GLSE4,Holy Dandelion
Gnaphalium palustre,GNPA,Western Marsh Cudweed
Goodyera oblongifolia,GOOB2,Western Rattlesnake Plantain
Gordonia lasianthus,GOLA,Loblolly Bay
Gossypium hirsutum,GOHI,Upland Cotton
Gossypium thurberi,GOTH,Thurber's Cotton
Gossypium tomentosum,GOTO,Hawai'ian Cotton
Graptopetalum bartramii,GRBA3,Patagonia Mountain Leatherpetal
Graptopetalum rusbyi,GRRU,San Francisco River Leatherpetal
Gratiola virginiana,GRVI,Roundfruit Hedgehyssop
Grayia spinosa,GRSP,Spiny Hopsage
Grindelia adenodonta,GRAD2,Lonestar Gumweed
Grindelia camporum,GRCA,Great Valley Gumweed
Grindelia decumbens,GRDE,Reclined Gumweed
Grindelia grandiflora,GRGR,Manyray Gumweed
Grindelia havardii,GRHA2,Havard's Gumweed
Grindelia hirsutula,GRHI,Hairy Gumweed
Grindelia integrifolia,GRIN,Puget Sound Gumweed
Grindelia lanceolata,GRLA3,Narrowleaf Gumweed
Grindelia microcephala,GRMI,Littlehead Gumweed
Grindelia nana,GRNA,Idaho Gumweed
Grindelia oolepis,GROO,Plains Gumweed
Grindelia papposa,GRPA8,Spanish Gold
Grindelia scabra,GRSC,Rough Gumweed
Grindelia squarrosa,GRSQ,Curlycup Gumweed
Grindelia stricta,GRST3,Oregon Gumweed
Grindelia subalpina,GRSU,Subalpine Gumweed
Grusonia grahamii,GRGR6,Graham's Pricklypear
Grusonia parishii,GRPA11,Matted Cholla
Grusonia schottii,GRSC6,Big Bend Pricklypear
Guaiacum angustifolium,GUAN,Texas Lignum-Vitae
Guaiacum officinale,GUOF,Lignum-Vitae
Guaiacum sanctum,GUSA,Holywood
Guapira discolor,GUDI,Beeftree
Guapira obtusata,GUOB,Corcho Prieto
Guettarda elliptica,GUEL,Hammock Velvetseed
Guettarda scabra,GUSC,Wild Guave
Guillenia lasiophylla,GULA4,California Mustard
Gutierrezia californica,GUCA,San Joaquin Snakeweed
Gutierrezia microcephala,GUMI,Threadleaf Snakeweed
Gutierrezia sarothrae,GUSA2,Broom Snakeweed
Gutierrezia texana,GUTE2,Texas Snakeweed
Gutierrezia wrightii,GUWR,Wright's Snakeweed
Gymnanthes lucida,GYLU,Oysterwood
Gymnocladus dioicus,GYDI,Kentucky Coffeetree
Hackelia californica,HACA,California Stickseed
Hackelia floribunda,HAFL2,Manyflower Stickseed
Hackelia micrantha,HAMI,Jessica Sticktight
Hackelia mundula,HAMU,Pink Stickseed
Hackelia nervosa,HANE,Sierra Stickseed
Hackelia patens,HAPA,Spotted Stickseed
Hackelia velutina,HAVE,Velvet Stickseed
Hackelia virginiana,HAVI2,Beggarslice
Halesia carolina,HACA3,Carolina Silverbell
Halesia diptera,HADI3,Two-Wing Silverbell
Halesia tetraptera,HATE3,Mountain Silverbell
Hamamelis vernalis,HAVE2,Ozark Witchhazel
Hamamelis virginiana,HAVI4,American Witchhazel
Hamelia patens,HAPA3,Scarletbush
Harbouria trachypleura,HATR,Whiskbroom Parsley
Hazardia squarrosa,HASQ2,Sawtooth Goldenbush
Hazardia whitneyi,HAWH3,Whitney's Bristleweed
Hedeoma apiculata,HEAP,Mckittrick's False Pennyroyal
Hedeoma drummondii,HEDR,Drummond's False Pennyroyal
Hedeoma hispida,HEHI,Rough False Pennyroyal
Hedeoma pulegioides,HEPU,American False Pennyroyal
Hedosyne ambrosiifolia,HEAM11,Ragged Marsh-Elder
Hedyotis terminalis,HETE21,Variable Starviolet
Hedysarum alpinum,HEAL,Alpine Sweetvetch
Hedysarum boreale,HEBO,Utah Sweetvetch
Hedysarum occidentale,HEOC,Western Sweetvetch
Hedysarum sulphurescens,HESU,White Sweetvetch
Helenium amarum,HEAM,Sneezeweed
Helenium autumnale,HEAU,Common Sneezeweed
Helenium bigelovii,HEBI,Bigelow's Sneezeweed
Helenium bolanderi,HEBO2,Coastal Sneezeweed
Helenium campestre,HECA13,Oldfield Sneezeweed
Helenium drummondii,HEDR2,Fringed Sneezeweed
Helenium elegans,HEEL,Pretty Sneezeweed
Helenium flexuosum,HEFL,Purplehead Sneezeweed
Helenium microcephalum,HEMI,Smallhead Sneezeweed
Helenium pinnatifidum,HEPI,Southeastern Sneezeweed
Helenium puberulum,HEPU2,Rosilla
Helenium quadridentatum,HEQU,Longdisk Sneezeweed
Helenium vernale,HEVE,Savannah Sneezeweed
Helianthella californica,HECA,California Helianthella
Helianthella quinquenervis,HEQU2,Fivenerve Helianthella
Helianthella uniflora,HEUN,Oneflower Helianthella
Helianthemum arenicola,HEAR11,Coastal Sand Frostweed
Helianthemum canadense,HECA3,Longbranch Frostweed
Helianthemum carolinianum,HECA4,Carolina Frostweed
Helianthemum corymbosum,HECO3,Pine Barren Frostweed
Helianthemum propinquum,HEPR,Low Frostweed
Helianthus agrestis,HEAG,Southeastern Sunflower
Helianthus angustifolius,HEAN2,Swamp Sunflower
Helianthus annuus,HEAN3,Common Sunflower
Helianthus anomalus,HEAN4,Western Sunflower
Helianthus argophyllus,HEAR3,Silverleaf Sunflower
Helianthus atrorubens,HEAT,Purpledisk Sunflower
Helianthus bolanderi,HEBO3,Serpentine Sunflower
Helianthus californicus,HECA5,California Sunflower
Helianthus debilis,HEDE4,Cucumberleaf Sunflower
Helianthus decapetalus,HEDE,Thinleaf Sunflower
Helianthus divaricatus,HEDI2,Woodland Sunflower
Helianthus giganteus,HEGI,Giant Sunflower
Helianthus gracilentus,HEGR3,Slender Sunflower
Helianthus grosseserratus,HEGR4,Sawtooth Sunflower
Helianthus heterophyllus,HEHE4,Variableleaf Sunflower
Helianthus hirsutus,HEHI2,Hairy Sunflower
Helianthus maximiliani,HEMA2,Maximilian Sunflower
Helianthus microcephalus,HEMI3,Small Woodland Sunflower
Helianthus mollis,HEMO2,Ashy Sunflower
Helianthus neglectus,HENE,Neglected Sunflower
Helianthus niveus,HENI3,Showy Sunflower
Helianthus nuttallii,HENU,Nuttall's Sunflower
Helianthus occidentalis,HEOC2,Fewleaf Sunflower
Helianthus paradoxus,HEPA2,Paradox Sunflower
Helianthus pauciflorus,HEPA19,Stiff Sunflower
Helianthus petiolaris,HEPE,Prairie Sunflower
Helianthus praecox,HEPR2,Texas Sunflower
Helianthus pumilus,HEPU3,Little Sunflower
Helianthus resinosus,HERE5,Resindot Sunflower
Helianthus salicifolius,HESA2,Willowleaf Sunflower
Helianthus simulans,HESI2,Muck Sunflower
Helianthus strumosus,HEST,Paleleaf Woodland Sunflower
Helianthus tuberosus,HETU,Jerusalem Artichoke
Helianthus verticillatus,HEVE3,Whorled Sunflower
Helianthus ×laetiflorus,HELA,Cheerful Sunflower
Heliomeris longifolia,HELO6,Longleaf False Goldeneye
Heliomeris multiflora,HEMU3,Showy Goldeneye
Heliopsis helianthoides,HEHE5,Smooth Oxeye
Heliotropium angiospermum,HEAN5,Scorpion's-Tail
Heliotropium anomalum,HEAN8,Polynesian Heliotrope
Heliotropium curassavicum,HECU3,Salt Heliotrope
Hemizonella minima,HEMI20,Opposite-Leaved Tarweed
Hemizonia congesta,HECO7,Hayfield Tarweed
Hemizonia fasciculata,HEFA,Clustered Tarweed
Hemizonia lobbii,HELO4,Threeray Tarweed
Hemizonia paniculata,HEPA6,San Diego Tarweed
Hepatica nobilis,HENO2,Hepatica
Heracleum maximum,HEMA80,Common Cowparsnip
Herissantia crispa,HECR3,Bladdermallow
Hermannia texana,HETE9,Texas Burstwort
Hesperaloe parviflora,HEPA8,Redflower False Yucca
Hesperochiron californicus,HECA7,California Hesperochiron
Hesperochiron pumilus,HEPU6,Dwarf Hesperochiron
Hesperocyparis arizonica,HEAR22,Arizona Cypress
Hesperocyparis forbesii,HEFO10,Tecate Cypress
Hesperocyparis goveniana,HEGO3,Gowen Cypress
Hesperocyparis macrocarpa,HEMA22,Monterey Cypress
Hesperocyparis sargentii,HESA17,Sargent's Cypress
Hesperostipa comata,HECO26,Needle And Thread
Hesperostipa spartea,HESP11,Porcupinegrass
Hesperoyucca whipplei,HEWH,Chaparral Yucca
Heteromeles arbutifolia,HEAR5,Toyon
Heteropogon contortus,HECO10,Tanglehead
Heterotheca grandiflora,HEGR7,Telegraphweed
Heterotheca oregona,HEOR2,Oregon False Goldenaster
Heterotheca sessiliflora,HESE,Sessileflower False Goldenaster
Heterotheca subaxillaris,HESU3,Camphorweed
Heterotheca villosa,HEVI4,Hairy False Goldenaster
Heterotheca viscida,HEVI5,Cliff False Goldenaster
Heuchera americana,HEAM6,American Alumroot
Heuchera chlorantha,HECH,Tall Alumroot
Heuchera cylindrica,HECY2,Roundleaf Alumroot
Heuchera grossulariifolia,HEGR8,Gooseberryleaf Alumroot
Heuchera micrantha,HEMI7,Crevice Alumroot
Heuchera pilosissima,HEPI3,Seaside Alumroot
Heuchera richardsonii,HERI,Richardson's Alumroot
Heuchera rubescens,HERU,Pink Alumroot
Heuchera sanguinea,HESA3,Coralbells
Heuchera villosa,HEVI2,Hairy Alumroot
Heuchera wootonii,HEWO,White Mountain Alumroot
Hexastylis arifolia,HEAR6,Littlebrownjug
Hexastylis shuttleworthii,HESH2,Largeflower Heartleaf
Hibiscus aculeatus,HIAC,Comfortroot
Hibiscus arnottianus,HIAR,White Rosemallow
Hibiscus brackenridgei,HIBR,Brackenridge's Rosemallow
Hibiscus clayi,HICL,Red Kauai Rosemallow
Hibiscus coccineus,HICO2,Scarlet Rosemallow
Hibiscus denudatus,HIDE,Paleface
Hibiscus grandiflorus,HIGR4,Swamp Rosemallow
Hibiscus kokio,HIKO,Red Rosemallow
Hibiscus laevis,HILA2,Halberdleaf Rosemallow
Hibiscus lasiocarpos,HILA6,Rosemallow
Hibiscus moscheutos,HIMO,Crimsoneyed Rosemallow
Hibiscus waimeae,HIWA,White Kauai Rosemallow
Hieracium albiflorum,HIAL2,White Hawkweed
Hieracium cynoglossoides,HICY,Houndstongue Hawkweed
Hieracium gronovii,HIGR3,Queendevil
Hieracium kalmii,HIKA2,Kalm's Hawkweed
Hieracium paniculatum,HIPA2,Allegheny Hawkweed
Hieracium robinsonii,HIRO4,Robinson's Hawkweed
Hieracium scabrum,HISC,Rough Hawkweed
Hieracium scouleri,HISC2,Scouler's Woollyweed
Hieracium umbellatum,HIUM,Narrowleaf Hawkweed
Hieracium venosum,HIVE,Rattlesnakeweed
Hierochloe odorata,HIOD,Sweetgrass
Hilaria belangeri,HIBE,Curly-Mesquite
Hippocratea volubilis,HIVO,Medicine Vine
Hippomane mancinella,HIMA2,Manchineel
Hippuris vulgaris,HIVU2,Common Mare's-Tail
Hoffmannseggia repens,HORE,Creeping Nicker
Hoita macrostachya,HOMA4,Large Leather-Root
Holocarpha heermannii,HOHE,Heermann's Tarweed
Holocarpha virgata,HOVI,Yellowflower Tarweed
Holodiscus discolor,HODI,Oceanspray
Holodiscus dumosus,HODU,Rockspirea
Hordeum brachyantherum,HOBR2,Meadow Barley
Hordeum jubatum,HOJU,Foxtail Barley
Hordeum pusillum,HOPU,Little Barley
Horkelia bolanderi,HOBO2,Border Horkelia
Horkelia californica,HOCA3,California Horkelia
Horkelia congesta,HOCO,Sierra Horkelia
Horkelia cuneata,HOCU,Wedgeleaf Horkelia
Horkelia daucifolia,HODA,Carrotleaf Horkelia
Horkelia fusca,HOFU,Pinewoods Horkelia
Horkelia parryi,HOPA2,Parry Horkelia
Horkelia tenuiloba,HOTE2,Santa Rosa Horkelia
Horkelia tridentata,HOTR,Threetooth Horkelia
Houstonia caerulea,HOCA4,Azure Bluet
Houstonia longifolia,HOLO,Longleaf Summer Bluet
Houstonia purpurea,HOPU2,Venus' Pride
Houstonia serpyllifolia,HOSE2,Thymeleaf Bluet
Hudsonia ericoides,HUER,Pine Barren Goldenheather
Hudsonia tomentosa,HUTO,Woolly Beachheather
Hulsea vestita,HUVE,Pumice Alpinegold
Hura crepitans,HUCR,Sandbox Tree
Hybanthus concolor,HYCO6,Eastern Greenviolet
Hydrangea arborescens,HYAR,Wild Hydrangea
Hydrangea quercifolia,HYQU3,Oakleaf Hydrangea
Hydrangea radiata,HYRA6,Silverleaf Hydrangea
Hydrocotyle umbellata,HYUM,Manyflower Marshpennywort
Hydrolea ovata,HYOV,Ovate False Fiddleleaf
Hydrolea quadrivalvis,HYQU,Waterpod
Hydrophyllum appendiculatum,HYAP,Great Waterleaf
Hydrophyllum canadense,HYCA3,Bluntleaf Waterleaf
Hydrophyllum capitatum,HYCA4,Ballhead Waterleaf
Hydrophyllum occidentale,HYOC,Western Waterleaf
Hydrophyllum tenuipes,HYTE,Pacific Waterleaf
Hydrophyllum virginianum,HYVI,Eastern Waterleaf
Hylotelephium telephioides,HYTE9,Allegheny Stonecrop
Hymenachne amplexicaulis,HYAM2,West Indian Marsh Grass
Hymenocallis latifolia,HYLA5,Perfumed Spiderlily
Hymenocallis liriosme,HYLI,Spring Spiderlily
Hymenocallis occidentalis,HYOC2,Northern Spiderlily
Hymenocallis rotata,HYRO2,Streambank Spiderlily
Hymenoclea monogyra,HYMO,Singlewhorl Burrobrush
Hymenoclea salsola,HYSA,Burrobrush
Hymenopappus filifolius,HYFI,Fineleaf Hymenopappus
Hymenothrix wislizeni,HYWI,Trans-Pecos Thimblehead
Hymenoxys cooperi,HYCO2,Cooper's Rubberweed
Hymenoxys hoopesii,HYHO,Owl's-Claws
Hymenoxys lemmonii,HYLE,Lemmon's Rubberweed
Hypericum adpressum,HYAD,Creeping St. Johnswort
Hypericum anagalloides,HYAN2,Tinker's Penny
Hypericum ascyron,HYAS80,Great St. Johnswort
Hypericum boreale,HYBO2,Northern St. Johnswort
Hypericum buckleii,HYBU,Buckley's St. Johnswort
Hypericum canadense,HYCA7,Lesser Canadian St. Johnswort
Hypericum cistifolium,HYCI,Roundpod St. Johnswort
Hypericum concinnum,HYCO3,Goldwire
Hypericum crux-andreae,HYCR3,St. Peterswort
Hypericum densiflorum,HYDE,Bushy St. Johnswort
Hypericum denticulatum,HYDE2,Coppery St. Johnswort
Hypericum dissimulatum,HYDI2,Disguised St. Johnswort
Hypericum drummondii,HYDR,Nits And Lice
Hypericum ellipticum,HYEL,Pale St. Johnswort
Hypericum frondosum,HYFR,Cedarglade St. Johnswort
Hypericum galioides,HYGA,Bedstraw St. Johnswort
Hypericum gentianoides,HYGE,Orangegrass
Hypericum graveolens,HYGR3,Mountain St. Johnswort
Hypericum gymnanthum,HYGY,Claspingleaf St. Johnswort
Hypericum hypericoides,HYHY,St. Andrew's Cross
Hypericum kalmianum,HYKA,Kalm's St. Johnswort
Hypericum majus,HYMA2,Large St. Johnswort
Hypericum mutilum,HYMU,Dwarf St. Johnswort
Hypericum myrtifolium,HYMY,Myrtleleaf St. Johnswort
Hypericum prolificum,HYPR,Shrubby St. Johnswort
Hypericum punctatum,HYPU,Spotted St. Johnswort
Hypericum scouleri,HYSC5,Scouler's St. Johnswort
Hypericum sphaerocarpum,HYSP2,Roundseed St. Johnswort
Hypericum suffruticosum,HYSU2,Pineland St. Johnswort
Hypericum tetrapetalum,HYTE4,Fourpetal St. Johnswort
Hypoxis hirsuta,HYHI2,Common Goldstar
Hyptis alata,HYAL,Clustered Bushmint
Hyptis emoryi,HYEM,Desert Lavender
Ibervillea lindheimeri,IBLI,Lindheimer's Globeberry
Ilex ambigua,ILAM,Carolina Holly
Ilex amelanchier,ILAM2,Sarvis Holly
Ilex anomala,ILAN,Hawai'i Holly
Ilex cassine,ILCA,Dahoon
Ilex coriacea,ILCO,Large Gallberry
Ilex decidua,ILDE,Possumhaw
Ilex glabra,ILGL,Inkberry
Ilex krugiana,ILKR,Tawnyberry Holly
Ilex laevigata,ILLA,Smooth Winterberry
Ilex longipes,ILLO,Georgia Holly
Ilex montana,ILMO,Mountain Holly
Ilex mucronata,ILMU,Catberry
Ilex myrtifolia,ILMY,Myrtle Dahoon
Ilex opaca,ILOP,American Holly
Ilex verticillata,ILVE,Common Winterberry
Ilex vomitoria,ILVO,Yaupon
Iliamna bakeri,ILBA,Baker's Wild Hollyhock
Iliamna longisepala,ILLO2,Longsepal Wild Hollyhock
Iliamna rivularis,ILRI,Streambank Wild Hollyhock
Illicium floridanum,ILFL,Florida Anisetree
Impatiens capensis,IMCA,Jewelweed
Impatiens noli-tangere,IMNO,Western Touch-Me-Not
Impatiens pallida,IMPA,Pale Touch-Me-Not
Indigofera caroliniana,INCA,Carolina Indigo
Indigofera lindheimeriana,INLI,Lindheimer's Indigo
Indigofera miniata,INMI,Coastal Indigo
Indigofera suffruticosa,INSU,Anil De Pasto
Ionactis alpina,IOAL,Lava Aster
Ionactis linariifolius,IOLI2,Flaxleaf Whitetop Aster
Ipomoea alba,IPAL,Tropical White Morning-Glory
Ipomoea cordatotriloba,IPCO8,Tievine
Ipomoea hederifolia,IPHE2,Scarletcreeper
Ipomoea lacunosa,IPLA,Whitestar
Ipomoea leptophylla,IPLE,Bush Morning-Glory
Ipomoea nil,IPNI,Whiteedge Morning-Glory
Ipomoea pandurata,IPPA,Man Of The Earth
Ipomoea pes-caprae,IPPE,Bayhops
Ipomoea sagittata,IPSA,Saltmarsh Morning-Glory
Ipomopsis aggregata,IPAG,Scarlet Gilia
Ipomopsis arizonica,IPAR2,Arizona Ipomopsis
Ipomopsis congesta,IPCO5,Ballhead Ipomopsis
Ipomopsis longiflora,IPLO2,Flaxflowered Ipomopsis
Ipomopsis rubra,IPRU2,Standing-Cypress
Ipomopsis tenuituba,IPTE4,Slendertube Skyrocket
Ipomopsis thurberi,IPTH2,El Paso Skyrocket
Iris bracteata,IRBR,Siskiyou Iris
Iris brevicaulis,IRBR2,Zigzag Iris
Iris chrysophylla,IRCH,Yellowleaf Iris
Iris cristata,IRCR,Dwarf Crested Iris
Iris douglasiana,IRDO,Douglas Iris
Iris fulva,IRFU,Copper Iris
Iris hartwegii,IRHA,Rainbow Iris
Iris hexagona,IRHE2,Dixie Iris
Iris missouriensis,IRMI,Rocky Mountain Iris
Iris prismatica,IRPR,Slender Blue Iris
Iris tenax,IRTE,Toughleaf Iris
Iris verna,IRVE,Dwarf Violet Iris
Iris versicolor,IRVE2,Harlequin Blueflag
Iris virginica,IRVI,Virginia Iris
Isocoma acradenia,ISAC2,Alkali Goldenbush
Isocoma drummondii,ISDR,Drummond's Goldenbush
Isocoma menziesii,ISME5,Menzies' Goldenbush
Isocoma pluriflora,ISPL,Southern Goldenbush
Isocoma tenuisecta,ISTE2,Burroweed
Isoetes tenella,ISTE5,Spiny-Spore Quillwort
Isoetes tuckermanii,ISTU,Tuckerman's Quillwort
Itea virginica,ITVI,Virginia Sweetspire
Iva annua,IVAN2,Annual Marsh Elder
Iva axillaris,IVAX,Povertyweed
Iva frutescens,IVFR,Jesuit's Bark
Iva imbricata,IVIM,Seacoast Marsh Elder
Ivesia aperta,IVAP,Sierra Valley Mousetail
Ivesia gordonii,IVGO,Gordon's Ivesia
Ivesia muirii,IVMU,Granite Mousetail
Ivesia rhypara,IVRH,Grimy Mousetail
Ivesia santolinoides,IVSA2,Sierra Mousetail
Jacquemontia ovalifolia,JAOV2,Oval-Leaf Clustervine
Jacquemontia pentanthos,JAPE,Skyblue Clustervine
Jamesia americana,JAAM,Fivepetal Cliffbush
Jensia yosemitana,JEYO,Yosemite Tarweed
Johanneshowellia puberula,JOPU,Red Creek Buckwheat
Juglans californica,JUCA,Southern California Walnut
Juglans cinerea,JUCI,Butternut
Juglans major,JUMA,Arizona Walnut
Juglans microcarpa,JUMI,Little Walnut
Juglans nigra,JUNI,Black Walnut
Juncus acuminatus,JUAC,Tapertip Rush
Juncus alpinoarticulatus,JUAL4,Northern Green Rush
Juncus ambiguus,JUAM3,Seaside Rush
Juncus anthelatus,JUAN3,Greater Poverty Rush
Juncus arcticus,JUAR2,Arctic Rush
Juncus articulatus,JUAR4,Jointleaf Rush
Juncus biflorus,JUBI,Bog Rush
Juncus biglumis,JUBI2,Twoflowered Rush
Juncus bolanderi,JUBO,Bolander's Rush
Juncus brachycarpus,JUBR,Whiteroot Rush
Juncus brachycephalus,JUBR2,Smallhead Rush
Juncus brevicaudatus,JUBR4,Narrowpanicle Rush
Juncus bufonius,JUBU,Toad Rush
Juncus canadensis,JUCA3,Canadian Rush
Juncus castaneus,JUCA6,Chestnut Rush
Juncus confusus,JUCO2,Colorado Rush
Juncus debilis,JUDE,Weak Rush
Juncus dichotomus,JUDI,Forked Rush
Juncus drummondii,JUDR,Drummond's Rush
Juncus dudleyi,JUDU2,Dudley's Rush
Juncus effusus,JUEF,Common Rush
Juncus ensifolius,JUEN,Swordleaf Rush
Juncus filiformis,JUFI,Thread Rush
Juncus gerardii,JUGE,Saltmeadow Rush
Juncus greenei,JUGR,Greene's Rush
Juncus interior,JUIN2,Inland Rush
Juncus longistylis,JULO,Longstyle Rush
Juncus marginatus,JUMA4,Grassleaf Rush
Juncus megacephalus,JUME,Bighead Rush
Juncus mertensianus,JUME3,Mertens' Rush
Juncus mexicanus,JUME4,Mexican Rush
Juncus militaris,JUMI2,Bayonet Rush
Juncus nevadensis,JUNE,Sierra Rush
Juncus nodosus,JUNO2,Knotted Rush
Juncus occidentalis,JUOC2,Western Rush
Juncus orthophyllus,JUOR,Straightleaf Rush
Juncus oxymeris,JUOX,Pointed Rush
Juncus parryi,JUPA,Parry's Rush
Juncus patens,JUPA2,Spreading Rush
Juncus pelocarpus,JUPE,Brownfruit Rush
Juncus repens,JURE2,Lesser Creeping Rush
Juncus roemerianus,JURO,Needlegrass Rush
Juncus scirpoides,JUSC,Needlepod Rush
Juncus secundus,JUSE,Lopsided Rush
Juncus stygius,JUST,Moor Rush
Juncus subcaudatus,JUSU,Woodland Rush
Juncus subtilis,JUSU2,Greater Creeping Rush
Juncus tenuis,JUTE,Poverty Rush
Juncus torreyi,JUTO,Torrey's Rush
Juncus trifidus,JUTR2,Highland Rush
Juncus triglumis,JUTR4,Three-Hulled Rush
Juncus validus,JUVA2,Roundhead Rush
Juncus vaseyi,JUVA,Vasey's Rush
Juniperus ashei,JUAS,Ashe's Juniper
Juniperus californica,JUCA7,California Juniper
Juniperus communis,JUCO6,Common Juniper
Juniperus deppeana,JUDE2,Alligator Juniper
Juniperus horizontalis,JUHO2,Creeping Juniper
Juniperus monosperma,JUMO,Oneseed Juniper
Juniperus occidentalis,JUOC,Western Juniper
Juniperus osteosperma,JUOS,Utah Juniper
Juniperus pinchotii,JUPI,Pinchot's Juniper
Juniperus scopulorum,JUSC2,Rocky Mountain Juniper
Juniperus virginiana,JUVI,Eastern Redcedar
Justicia americana,JUAM,American Water-Willow
Justicia californica,JUCA8,Beloperone
Justicia candicans,JUCA9,Arizona Water-Willow
Justicia ovata,JUOV,Looseflower Water-Willow
Justicia pilosella,JUPI5,Gregg's Tube Tongue
Kallstroemia grandiflora,KAGR,Arizona Poppy
Kalmia angustifolia,KAAN,Sheep Laurel
Kalmia latifolia,KALA,Mountain Laurel
Kalmia microphylla,KAMI,Alpine Laurel
Kalmia polifolia,KAPO,Bog Laurel
Karwinskia humboldtiana,KAHU,Coyotillo
Keckiella antirrhinoides,KEAN,Snapdragon Penstemon
Keckiella breviflora,KEBR,Bush Beardtongue
Keckiella cordifolia,KECO,Heartleaf Keckiella
Keckiella corymbosa,KECO2,Redwood Keckiella
Keckiella lemmonii,KELE,Lemmon's Keckiella
Keckiella rothrockii,KERO,Rothrock's Keckiella
Keckiella ternata,KETE,Scarlet Keckiella
Koeberlinia spinosa,KOSP,Crown Of Thorns
Koeleria macrantha,KOMA,Prairie Junegrass
Kosteletzkya virginica,KOVI,Virginia Saltmarsh Mallow
Krameria erecta,KRER,Littleleaf Ratany
Krameria lanceolata,KRLA,Trailing Krameria
Krascheninnikovia lanata,KRLA2,Winterfat
Krigia biflora,KRBI,Twoflower Dwarfdandelion
Krigia virginica,KRVI,Virginia Dwarfdandelion
Krugiodendron ferreum,KRFE,Leadwood
Lachnanthes caroliana,LACA5,Carolina Redroot
Lactuca biennis,LABI,Tall Blue Lettuce
Lactuca canadensis,LACA,Canada Lettuce
Lactuca floridana,LAFL,Woodland Lettuce
Lactuca graminifolia,LAGR,Grassleaf Lettuce
Lactuca hirsuta,LAHI,Hairy Lettuce
Lagophylla glandulosa,LAGL,Glandular Hareleaf
Lagophylla ramosissima,LARA,Branched Lagophylla
Laguncularia racemosa,LARA2,White Mangrove
Langloisia setosissima,LASE3,Great Basin Langloisia
Lantana involucrata,LAIN2,Buttonsage
Lantana urticoides,LAUR2,West Indian Shrubverbena
Laportea canadensis,LACA3,Canadian Woodnettle
Larix laricina,LALA,Tamarack
Larix lyallii,LALY,Subalpine Larch
Larix occidentalis,LAOC,Western Larch
Larrea tridentata,LATR2,Creosote Bush
Lasiacis divaricata,LADI3,Smallcane
Lasthenia burkei,LABU,Burke's Baeria
Lasthenia californica,LACA7,California Goldfields
Lasthenia glabrata,LAGL4,Yellowray Goldfields
Lathyrus eucosmus,LAEU,Bush Vetchling
Lathyrus japonicus,LAJA,Beach Pea
Lathyrus jepsonii,LAJE,Delta Tule Pea
Lathyrus lanszwertii,LALA3,Nevada Pea
Lathyrus littoralis,LALI2,Silky Beach Pea
Lathyrus nevadensis,LANE3,Sierra Pea
Lathyrus ochroleucus,LAOC2,Cream Pea
Lathyrus palustris,LAPA4,Marsh Pea
Lathyrus polyphyllus,LAPO3,Leafy Pea
Lathyrus sulphureus,LASU,Snub Pea
Lathyrus torreyi,LATO,Torrey's Pea
Lathyrus venosus,LAVE,Veiny Pea
Lathyrus vestitus,LAVE2,Pacific Pea
Lavatera assurgentiflora,LAAS,Island Mallow
Layia chrysanthemoides,LACH,Smooth Tidytips
Layia glandulosa,LAGL5,Whitedaisy Tidytips
Layia hieracioides,LAHI3,Tall Tidytips
Layia pentachaeta,LAPE,Sierra Tidytips
Layia platyglossa,LAPL,Coastal Tidytips
Lechea divaricata,LEDI,Drysand Pinweed
Ledum glandulosum,LEGL,Western Labrador Tea
Ledum groenlandicum,LEGR,Bog Labrador Tea
Ledum palustre,LEPA11,Marsh Labrador Tea
Leersia lenticularis,LELE2,Catchfly Grass
Leersia oryzoides,LEOR,Rice Cutgrass
Leersia virginica,LEVI2,Whitegrass
Leiophyllum buxifolium,LEBU,Sandmyrtle
Lemna minor,LEMI3,Common Duckweed
Lemna trisulca,LETR,Star Duckweed
Lemna valdiviana,LEVA,Valdivia Duckweed
Lepechinia calycina,LECA3,Woodbalm
Lepechinia hastata,LEHA,Pakaha
Lepidium flavum,LEFL2,Yellow Pepperweed
Lepidium fremontii,LEFR2,Desert Pepperweed
Lepidium lasiocarpum,LELA,Shaggyfruit Pepperweed
Lepidium montanum,LEMO2,Mountain Pepperweed
Lepidium ramosissimum,LERA2,Manybranched Pepperweed
Lepidium thurberi,LETH2,Thurber's Pepperweed
Lepidium virginicum,LEVI3,Virginia Pepperweed
Lepidospartum latisquamum,LELA4,Nevada Broomsage
Lepidospartum squamatum,LESQ,California Broomsage
Leptochloa dubia,LEDU,Green Sprangletop
Leptochloa fusca,LEFU21,Malabar Sprangletop
Leptochloa nealleyi,LENE2,Nealley's Sprangletop
Leptosiphon aureus,LEAU16,Golden Linanthus
Leptosiphon bicolor,LEBI8,True Babystars
Leptosiphon bolanderi,LEBO9,Bolander's Linanthus
Leptosiphon breviculus,LEBR20,Mojave Linanthus
Leptosiphon ciliatus,LECI18,Whiskerbrush
Leptosiphon filipes,LEFI14,Thread Linanthus
Leptosiphon grandiflorus,LEGR23,Largeflower Linanthus
Leptosiphon harknessii,LEHA11,Harkness' Flaxflower
Leptosiphon liniflorus,LELI14,Narrowflower Flaxflower
Leptosiphon montanus,LEMO19,Mustang Clover
Leptosiphon parviflorus,LEPA51,Variable Linanthus
Lespedeza angustifolia,LEAN,Narrowleaf Lespedeza
Lespedeza capitata,LECA8,Roundhead Lespedeza
Lespedeza frutescens,LEFR5,Shrubby Lespedeza
Lespedeza hirta,LEHI2,Hairy Lespedeza
Lespedeza procumbens,LEPR,Trailing Lespedeza
Lespedeza repens,LERE2,Creeping Lespedeza
Lespedeza stuevei,LEST5,Tall Lespedeza
Lespedeza violacea,LEVI6,Violet Lespedeza
Lespedeza virginica,LEVI7,Slender Lespedeza
Lespedeza ×acuticarpa,LEAC,Lespedeza
Lesquerella congesta,LECO10,Dudley Bluffs Bladderpod
Lesquerella fendleri,LEFE,Fendler's Bladderpod
Lesquerella gordonii,LEGO,Gordon's Bladderpod
Lesquerella kingii,LEKI,King Bladderpod
Lesquerella ludoviciana,LELU,Foothill Bladderpod
Lesquerella multiceps,LEMU2,Manyhead Bladderpod
Lesquerella tenella,LETE3,Moapa Bladderpod
Lessingia lemmonii,LELE13,Lemmon's Lessingia
Lessingia leptoclada,LELE7,Sierra Lessingia
Lessingia tenuis,LETE8,Spring Lessingia
Leucaena pulverulenta,LEPU3,Great Leadtree
Leucaena retusa,LERE5,Littleleaf Leadtree
Leucocrinum montanum,LEMO4,Common Starlily
Leucophyllum frutescens,LEFR3,Texas Barometer Bush
Leucophyllum minus,LEMI4,Big Bend Barometerbush
Leucothoe axillaris,LEAX,Coastal Doghobble
Leucothoe davisiae,LEDA,Sierra Laurel
Leucothoe fontanesiana,LEFO,Highland Doghobble
Lewisia brachycalyx,LEBR,Shortsepal Lewisia
Lewisia congdonii,LECO4,Congdon's Lewisia
Lewisia rediviva,LERE7,Bitter Root
Leymus cinereus,LECI4,Basin Wildrye
Leymus condensatus,LECO12,Giant Wildrye
Leymus flavescens,LEFL4,Yellow Wildrye
Leymus mollis,LEMO8,American Dunegrass
Leymus salinus,LESA4,Saline Wildrye
Leymus triticoides,LETR5,Beardless Wildrye
Liatris acidota,LIAC,Sharp Blazing Star
Liatris aestivalis,LIAE3,Blazing Star
Liatris aspera,LIAS,Rough Blazing Star
Liatris bracteata,LIBR,Bracted Blazing Star
Liatris chapmanii,LICH2,Chapman's Blazing Star
Liatris cylindracea,LICY,Ontario Blazing Star
Liatris elegans,LIEL,Pinkscale Blazing Star
Liatris elegantula,LIEL7,Shaggy Blazing Star
Liatris garberi,LIGA,Garber's Blazing Star
Liatris gholsonii,LIGH,Gholson's Blazing Star
Liatris gracilis,LIGR9,Slender Blazing Star
Liatris ligulistylis,LILI,Rocky Mountain Blazing Star
Liatris microcephala,LIMI7,Smallhead Blazing Star
Liatris ohlingerae,LIOH,Florida Blazing Star
Liatris pilosa,LIPI7,Shaggy Blazing Star
Liatris punctata,LIPU,Dotted Blazing Star
Liatris pycnostachya,LIPY,Prairie Blazing Star
Liatris scariosa,LISC2,Devil's Bite
Liatris spicata,LISP,Dense Blazing Star
Liatris squarrosa,LISQ,Scaly Blazing Star
Liatris squarrulosa,LISQ2,Appalachian Blazing Star
Liatris tenuifolia,LITE6,Shortleaf Blazing Star
Liatris tenuis,LITE,Gulf Blazing Star
Liatris virgata,LIVI8,Wand Blazing Star
Ligusticum apiifolium,LIAP,Celeryleaf Licorice-Root
Ligusticum grayi,LIGR,Gray's Licorice-Root
Ligusticum porteri,LIPO,Porter's Licorice-Root
Ligusticum scoticum,LISC3,Scottish Licorice-Root
Ligusticum tenuifolium,LITE2,Idaho Licorice-Root
Lilaea scilloides,LISC4,Awl-Leaf Lilaea
Lilium bolanderi,LIBO,Bolander's Lily
Lilium canadense,LICA3,Canada Lily
Lilium columbianum,LICO,Columbia Lily
Lilium michauxii,LIMI,Carolina Lily
Lilium michiganense,LIMI9,Michigan Lily
Lilium pardalinum,LIPA,Leopard Lily
Lilium parryi,LIPA2,Lemon Lily
Lilium parvum,LIPA3,Sierra Tiger Lily
Lilium philadelphicum,LIPH,Wood Lily
Lilium superbum,LISU,Turk's-Cap Lily
Lilium washingtonianum,LIWA,Washington Lily
Limnanthes alba,LIAL3,White Meadowfoam
Limnanthes douglasii,LIDO2,Douglas' Meadowfoam
Limnanthes gracilis,LIGR7,Slender Meadowfoam
Limnanthes montana,LIMO2,Mountain Meadowfoam
Limnanthes vinculans,LIVI3,Sebastopol Meadowfoam
Limnobium spongia,LISP2,American Spongeplant
Limonium carolinianum,LICA17,Lavender Thrift
Linanthus bigelovii,LIBI2,Bigelow's Linanthus
Linanthus dichotomus,LIDI2,Eveningsnow
Linanthus pungens,LIPU11,Granite Prickly Phlox
Lindera benzoin,LIBE3,Northern Spicebush
Lindera melissifolia,LIME7,Southern Spicebush
Lindernia dubia,LIDU,Yellowseed False Pimpernel
Linnaea borealis,LIBO3,Twinflower
Linum berlandieri,LIBE2,Berlandier's Yellow Flax
Linum lewisii,LILE3,Lewis Flax
Linum perenne,LIPE2,Blue Flax
Linum puberulum,LIPU4,Plains Flax
Linum rigidum,LIRI,Stiffstem Flax
Linum striatum,LIST,Ridged Yellow Flax
Linum sulcatum,LISU4,Grooved Flax
Liparis liliifolia,LILI3,Brown Widelip Orchid
Lipochaeta integrifolia,LIIN4,Kure Atoll Nehe
Lippia alba,LIAL,Bushy Lippia
Lippia graveolens,LIGR6,Mexican Oregano
Liquidambar styraciflua,LIST2,Sweetgum
Liriodendron tulipifera,LITU,Tuliptree
Listera convallarioides,LICO5,Broadlipped Twayblade
Lithophragma affine,LIAF,San Francisco Woodland-Star
Lithophragma bolanderi,LIBO5,Bolander's Woodland-Star
Lithophragma cymbalaria,LICY3,Mission Woodland-Star
Lithophragma glabrum,LIGL2,Bulbous Woodland-Star
Lithophragma heterophyllum,LIHE,Hillside Woodland-Star
Lithophragma parviflorum,LIPA5,Smallflower Woodland-Star
Lithophragma tenellum,LITE4,Slender Woodland-Star
Lithospermum canescens,LICA12,Hoary Puccoon
Lithospermum caroliniense,LICA13,Carolina Puccoon
Lithospermum incisum,LIIN2,Narrowleaf Stoneseed
Lithospermum latifolium,LILA2,American Stoneseed
Lithospermum multiflorum,LIMU3,Manyflowered Stoneseed
Lithospermum ruderale,LIRU4,Western Stoneseed
Lobelia anatina,LOAN,Apache Lobelia
Lobelia appendiculata,LOAP,Pale Lobelia
Lobelia berlandieri,LOBE3,Berlandier's Lobelia
Lobelia cardinalis,LOCA2,Cardinal Flower
Lobelia dortmanna,LODO,Dortmann's Cardinalflower
Lobelia elongata,LOEL,Longleaf Lobelia
Lobelia feayana,LOFE2,Bay Lobelia
Lobelia fenestralis,LOFE,Fringeleaf Lobelia
Lobelia floridana,LOFL3,Florida Lobelia
Lobelia glandulosa,LOGL,Glade Lobelia
Lobelia hypoleuca,LOHY,Kuhi'aikamo'owahie
Lobelia inflata,LOIN,Indian-Tobacco
Lobelia kalmii,LOKA,Ontario Lobelia
Lobelia laxiflora,LOLA,Sierra Madre Lobelia
Lobelia puberula,LOPU,Downy Lobelia
Lobelia siphilitica,LOSI,Great Blue Lobelia
Lobelia spicata,LOSP,Palespike Lobelia
Loiseleuria procumbens,LOPR,Alpine Azalea
Lomatium ambiguum,LOAM,Wyeth Biscuitroot
Lomatium bicolor,LOBI,Wasatch Desertparsley
Lomatium brandegeei,LOBR2,Brandegee's Desertparsley
Lomatium californicum,LOCA3,California Lomatium
Lomatium canbyi,LOCA4,Canby's Biscuitroot
Lomatium caruifolium,LOCA5,Alkali Desertparsley
Lomatium columbianum,LOCO,Purple Leptotaenia
Lomatium cous,LOCO4,Cous Biscuitroot
Lomatium dasycarpum,LODA,Woollyfruit Desertparsley
Lomatium dissectum,LODI,Fernleaf Biscuitroot
Lomatium eastwoodiae,LOEA,Eastwood's Desertparsley
Lomatium foeniculaceum,LOFO,Desert Biscuitroot
Lomatium graveolens,LOGR6,King Desertparsley
Lomatium grayi,LOGR,Gray's Biscuitroot
Lomatium hallii,LOHA,Hall's Biscuitroot
Lomatium junceum,LOJU3,Rush Biscuitroot
Lomatium latilobum,LOLA4,Canyonlands Biscuitroot
Lomatium lucidum,LOLU,Shiny Biscuitroot
Lomatium macrocarpum,LOMA3,Bigseed Biscuitroot
Lomatium marginatum,LOMA4,Butte Desertparsley
Lomatium martindalei,LOMA5,Cascade Desertparsley
Lomatium nudicaule,LONU2,Barestem Biscuitroot
Lomatium nuttallii,LONU3,Nuttall's Biscuitroot
Lomatium parryi,LOPA,Utah Desertparsley
Lomatium salmoniflorum,LOSA2,Salmonflower Biscuitroot
Lomatium scabrum,LOSC3,Rough Desertparsley
Lomatium torreyi,LOTO2,Sierra Biscuitroot
Lomatium triternatum,LOTR2,Nineleaf Biscuitroot
Lomatium utriculatum,LOUT,Common Lomatium
Lomatium vaginatum,LOVA,Broadsheath Desertparsley
Lonicera albiflora,LOAL,Western White Honeysuckle
Lonicera arizonica,LOAR,Arizona Honeysuckle
Lonicera caerulea,LOCA6,Sweetberry Honeysuckle
Lonicera canadensis,LOCA7,American Fly Honeysuckle
Lonicera ciliosa,LOCI3,Orange Honeysuckle
Lonicera conjugialis,LOCO5,Purpleflower Honeysuckle
Lonicera dioica,LODI2,Limber Honeysuckle
Lonicera flava,LOFL,Yellow Honeysuckle
Lonicera hirsuta,LOHI,Hairy Honeysuckle
Lonicera hispidula,LOHI2,Pink Honeysuckle
Lonicera interrupta,LOIN4,Chaparral Honeysuckle
Lonicera involucrata,LOIN5,Twinberry Honeysuckle
Lonicera oblongifolia,LOOB,Swamp Fly Honeysuckle
Lonicera reticulata,LORE5,Grape Honeysuckle
Lonicera sempervirens,LOSE,Trumpet Honeysuckle
Lonicera subspicata,LOSU2,Southern Honeysuckle
Lonicera utahensis,LOUT2,Utah Honeysuckle
Lonicera villosa,LOVI,Mountain Fly Honeysuckle
Lotus argophyllus,LOAR3,Silver Bird's-Foot Trefoil
Lotus argyraeus,LOAR4,Canyon Bird's-Foot Trefoil
Lotus crassifolius,LOCR,Big Deervetch
Lotus formosissimus,LOFO2,Seaside Bird's-Foot Trefoil
Lotus grandiflorus,LOGR3,Chaparral Bird's-Foot Trefoil
Lotus greenei,LOGR4,Greene's Bird's-Foot Trefoil
Lotus haydonii,LOHA3,Rock Bird's-Foot Trefoil
Lotus heermannii,LOHE,Heermann's Bird's-Foot Trefoil
Lotus humistratus,LOHU2,Foothill Deervetch
Lotus micranthus,LOMI,Desert Deervetch
Lotus nevadensis,LONE4,Nevada Bird's-Foot Trefoil
Lotus oblongifolius,LOOB2,Streambank Bird's-Foot Trefoil
Lotus pinnatus,LOPI2,Meadow Bird's-Foot Trefoil
Lotus plebeius,LOPL2,New Mexico Bird's-Foot Trefoil
Lotus procumbens,LOPR3,Silky Deerweed
Lotus rigidus,LORI3,Shrubby Deervetch
Lotus scoparius,LOSC2,Common Deerweed
Lotus strigosus,LOST4,Strigose Bird's-Foot Trefoil
Lotus unifoliolatus,LOUN,American Bird's-Foot Trefoil
Lotus utahensis,LOUT3,Utah Bird's-Foot Trefoil
Lotus wrangelianus,LOWR2,Chilean Bird's-Foot Trefoil
Lotus wrightii,LOWR,Wright's Deervetch
Ludwigia alternifolia,LUAL2,Seedbox
Ludwigia decurrens,LUDE4,Wingleaf Primrose-Willow
Ludwigia erecta,LUER,Yerba De Jicotea
Ludwigia leptocarpa,LULE4,Anglestem Primrose-Willow
Ludwigia octovalvis,LUOC,Mexican Primrose-Willow
Ludwigia palustris,LUPA,Marsh Seedbox
Ludwigia polycarpa,LUPO,Manyfruit Primrose-Willow
Ludwigia sphaerocarpa,LUSP,Globefruit Primrose-Willow
Luetkea pectinata,LUPE,Partridgefoot
Lupinus affinis,LUAF,Fleshy Lupine
Lupinus agardhianus,LUAG,Agardh Lupine
Lupinus albicaulis,LUAL3,Sicklekeel Lupine
Lupinus albifrons,LUAL4,Silver Lupine
Lupinus ammophilus,LUAM,Sand Lupine
Lupinus andersonii,LUAN2,Anderson's Lupine
Lupinus arboreus,LUAR,Yellow Bush Lupine
Lupinus arbustus,LUAR6,Longspur Lupine
Lupinus arcticus,LUAR2,Arctic Lupine
Lupinus argenteus,LUAR3,Silvery Lupine
Lupinus aridus,LUAR7,Desert Lupine
Lupinus arizonicus,LUAR4,Arizona Lupine
Lupinus bakeri,LUBA3,Baker's Lupine
Lupinus barbiger,LUBA,Bearded Lupine
Lupinus benthamii,LUBE,Spider Lupine
Lupinus bicolor,LUBI,Miniature Lupine
Lupinus breweri,LUBR3,Brewer's Lupine
Lupinus caespitosus,LUCA3,Stemless Dwarf Lupine
Lupinus caudatus,LUCA,Tailcup Lupine
Lupinus chamissonis,LUCH,Chamisso Bush Lupine
Lupinus concinnus,LUCO,Bajada Lupine
Lupinus confertus,LUCO2,Crowded Lupine
Lupinus covillei,LUCO4,Shaggy Lupine
Lupinus croceus,LUCR,Saffron-Flowered Lupine
Lupinus cumulicola,LUCU2,Sky-Blue Lupine
Lupinus densiflorus,LUDE2,Whitewhorl Lupine
Lupinus diffusus,LUDI2,Oak Ridge Lupine
Lupinus elatus,LUEL,Tall Silky Lupine
Lupinus elmeri,LUEL2,Elmer's Lupine
Lupinus excubitus,LUEX,Grape Soda Lupine
Lupinus eximius,LUEX2,San Mateo Tree Lupine
Lupinus formosus,LUFO2,Summer Lupine
Lupinus fulcratus,LUFU,Greenstipule Lupine
Lupinus grayi,LUGR2,Sierra Lupine
Lupinus havardii,LUHA,Big Bend Bluebonnet
Lupinus hillii,LUHI2,Hill's Lupine
Lupinus hirsutissimus,LUHI3,Stinging Annual Lupine
Lupinus holosericeus,LUHO2,Holo Lupine
Lupinus horizontalis,LUHO3,Sunset Lupine
Lupinus latifolius,LULA4,Broadleaf Lupine
Lupinus lepidus,LULE2,Pacific Lupine
Lupinus leucophyllus,LULE3,Velvet Lupine
Lupinus littoralis,LULI2,Seashore Lupine
Lupinus longifolius,LULO,Longleaf Bush Lupine
Lupinus luteolus,LULU2,Pale Yellow Lupine
Lupinus lyallii,LULY,Dwarf Mountain Lupine
Lupinus magnificus,LUMA,Panamint Mountain Lupine
Lupinus meionanthus,LUME,Lake Tahoe Lupine
Lupinus minimus,LUMI3,Kettle Falls Lupine
Lupinus nanus,LUNA3,Sky Lupine
Lupinus nevadensis,LUNE,Nevada Lupine
Lupinus nootkatensis,LUNO,Nootka Lupine
Lupinus oreganus,LUOR,Oregon Lupine
Lupinus ornatus,LUOR2,Ornate Lupine
Lupinus palmeri,LUPA3,Bluebonnet Lupine
Lupinus parviflorus,LUPA8,Lodgepole Lupine
Lupinus perennis,LUPE3,Wild Lupine
Lupinus plattensis,LUPL,Nebraska Lupine
Lupinus polycarpus,LUPO3,Smallflower Lupine
Lupinus polyphyllus,LUPO2,Bigleaf Lupine
Lupinus pusillus,LUPU,Rusty Lupine
Lupinus rivularis,LURI,Riverbank Lupine
Lupinus sellulus,LUSE2,Donner Lake Lupine
Lupinus sericeus,LUSE4,Silky Lupine
Lupinus sparsiflorus,LUSP2,Coulter's Lupine
Lupinus stiversii,LUST2,Harlequin Annual Lupine
Lupinus subcarnosus,LUSU,Texas Bluebonnet
Lupinus subvexus,LUSU10,Valley Lupine
Lupinus succulentus,LUSU3,Hollowleaf Annual Lupine
Lupinus sulphureus,LUSU5,Sulphur Lupine
Lupinus texensis,LUTE,Texas Lupine
Lupinus vallicola,LUVA2,Open Lupine
Lupinus versicolor,LUVE,Manycolored Lupine
Lupinus villosus,LUVI,Lady Lupine
Lupinus wyethii,LUWY,Wyeth's Lupine
Lupinus ×alpestris,LUAL5,Great Basin Lupine
Luzula arctica,LUAR9,Arctic Woodrush
Luzula comosa,LUCO6,Pacific Woodrush
Luzula confusa,LUCO5,Northern Woodrush
Luzula parviflora,LUPA4,Smallflowered Woodrush
Luzula spicata,LUSP4,Spiked Woodrush
Lycium andersonii,LYAN,Water Jacket
Lycium berlandieri,LYBE,Berlandier's Wolfberry
Lycium carolinianum,LYCA2,Carolina Desert-Thorn
Lycium cooperi,LYCO2,Peach Thorn
Lycium exsertum,LYEX,Arizona Desert-Thorn
Lycium pallidum,LYPA,Pale Desert-Thorn
Lycium parishii,LYPA2,Parish's Desert-Thorn
Lycium sandwicense,LYSA3,Hawai'i Desert-Thorn
Lycium torreyi,LYTO,Torrey Wolfberry
Lycopodium annotinum,LYAN2,Stiff Clubmoss
Lycopus americanus,LYAM,American Water Horehound
Lycopus amplectens,LYAM2,Clasping Water Horehound
Lycopus asper,LYAS,Rough Bugleweed
Lycopus rubellus,LYRU,Taperleaf Water Horehound
Lycopus uniflorus,LYUN,Northern Bugleweed
Lycopus virginicus,LYVI4,Virginia Water Horehound
Lycurus phleoides,LYPH,Common Wolfstail
Lygodesmia grandiflora,LYGR,Largeflower Skeletonplant
Lyonia ferruginea,LYFE,Rusty Staggerbush
Lyonia fruticosa,LYFR3,Coastal Plain Staggerbush
Lyonia ligustrina,LYLI,Maleberry
Lyonia lucida,LYLU3,Fetterbush Lyonia
Lyonia mariana,LYMA2,Piedmont Staggerbush
Lyonothamnus floribundus,LYFL2,Catalina Ironwood
Lysichiton americanus,LYAM3,American Skunkcabbage
Lysiloma latisiliquum,LYLA3,False Tamarind
Lysimachia ciliata,LYCI,Fringed Loosestrife
Lysimachia hybrida,LYHY,Lowland Yellow Loosestrife
Lysimachia lanceolata,LYLA,Lanceleaf Loosestrife
Lysimachia quadriflora,LYQU,Fourflower Yellow Loosestrife
Lysimachia quadrifolia,LYQU2,Whorled Yellow Loosestrife
Lysimachia terrestris,LYTE2,Earth Loosestrife
Lysimachia thyrsiflora,LYTH2,Tufted Loosestrife
Lythrum alatum,LYAL4,Winged Lythrum
Lythrum californicum,LYCA4,California Loosestrife
Machaeranthera asteroides,MAAS2,Fall Tansyaster
Machaeranthera bigelovii,MABI,Bigelow's Tansyaster
Machaeranthera canescens,MACA2,Hoary Tansyaster
Machaeranthera carnosa,MACA17,Shrubby Alkaliaster
Machaeranthera gracilis,MAGR10,Slender Goldenweed
Machaeranthera grindelioides,MAGR2,Rayless Tansyaster
Machaeranthera pinnatifida,MAPI,Lacy Tansyaster
Machaeranthera tanacetifolia,MATA2,Tanseyleaf Tansyaster
Maclura pomifera,MAPO,Osage Orange
Macranthera flammea,MAFL4,Flameflower
Macromeria viridiflora,MAVI,Giant-Trumpets
Macroptilium atropurpureum,MAAT80,Purple Bushbean
Madia elegans,MAEL,Common Madia
Madia exigua,MAEX,Small Tarweed
Madia glomerata,MAGL2,Mountain Tarweed
Madia gracilis,MAGR3,Grassy Tarweed
Madia radiata,MARA,Golden Madia
Magnolia acuminata,MAAC,Cucumber Tree
Magnolia fraseri,MAFR,Mountain Magnolia
Magnolia grandiflora,MAGR4,Southern Magnolia
Magnolia tripetala,MATR,Umbrella-Tree
Magnolia virginiana,MAVI2,Sweetbay
Mahonia aquifolium,MAAQ2,Hollyleaved Barberry
Mahonia fremontii,MAFR3,Fremont's Mahonia
Mahonia nervosa,MANE2,Cascade Barberry
Mahonia pinnata,MAPI2,Wavyleaf Barberry
Mahonia repens,MARE11,Creeping Barberry
Mahonia trifoliolata,MATR3,Algerita
Maianthemum canadense,MACA4,Canada Mayflower
Maianthemum dilatatum,MADI,False Lily Of The Valley
Maianthemum racemosum,MARA7,Feathery False Lily Of The Valley
Maianthemum stellatum,MAST4,Starry False Lily Of The Valley
Malacothamnus aboriginum,MAAB2,Gray Bushmallow
Malacothamnus davidsonii,MADA,Davidson's Bushmallow
Malacothamnus fasciculatus,MAFA,Mendocino Bushmallow
Malacothamnus jonesii,MAJO,Slender Bushmallow
Malacothrix californica,MACA6,California Desertdandelion
Malacothrix clevelandii,MACL2,Cleveland's Desertdandelion
Malacothrix floccifera,MAFL,Woolly Desertdandelion
Malacothrix glabrata,MAGL3,Smooth Desertdandelion
Malacothrix sonchoides,MASO,Sowthistle Desertdandelion
Malosma laurina,MALA6,Laurel Sumac
Malpighia glabra,MAGL6,Wild Crapemyrtle
Malus angustifolia,MAAN3,Southern Crab Apple
Malus coronaria,MACO5,Sweet Crab Apple
Malus fusca,MAFU,Oregon Crab Apple
Malus ioensis,MAIO,Prairie Crab Apple
Malus ×arnoldiana,MAAR7,Crab Apple
Malvastrum americanum,MAAM,Indian Valley False Mallow
Malvaviscus arboreus,MAAR14,Wax Mallow
Malvella leprosa,MALE3,Alkali Mallow
Manfreda maculosa,MAMA7,Spice Lily
Manfreda variegata,MAVA,Mottled Tuberose
Manfreda virginica,MAVI5,False Aloe
Manilkara jaimiqui,MAJA2,Wild Dilly
Marah fabaceus,MAFA3,California Manroot
Marah macrocarpus,MAMA8,Cucamonga Manroot
Marah oreganus,MAOR3,Coastal Manroot
Marina parryi,MAPA7,Parry's False Prairie-Clover
Marshallia caespitosa,MACA7,Puffballs
Matelea gonocarpos,MAGO,Angularfruit Milkvine
Matelea reticulata,MARE4,Netted Milkvine
Matteuccia struthiopteris,MAST,Ostrich Fern
Maurandella antirrhiniflora,MAAN9,Roving Sailor
Maytenus phyllanthoides,MAPH,Florida Mayten
Medeola virginiana,MEVI,Indian Cucumber
Melampodium leucanthum,MELE2,Plains Blackfoot
Melampyrum lineare,MELI2,Narrowleaf Cowwheat
Melanthera nivea,MENI3,Snow Squarestem
Melica bulbosa,MEBU,Oniongrass
Melica californica,MECA2,California Melicgrass
Melica imperfecta,MEIM,Smallflower Melicgrass
Melica spectabilis,MESP,Purple Oniongrass
Melica subulata,MESU,Alaska Oniongrass
Melothria pendula,MEPE3,Guadeloupe Cucumber
Menispermum canadense,MECA3,Common Moonseed
Menodora scabra,MESC,Rough Menodora
Mentha arvensis,MEAR4,Wild Mint
Mentha ×piperita,MEPI,Peppermint
Mentzelia affinis,MEAF2,Yellowcomet
Mentzelia albicaulis,MEAL6,Whitestem Blazingstar
Mentzelia crocea,MECR,Sierra Blazingstar
Mentzelia decapetala,MEDE2,Tenpetal Blazingstar
Mentzelia involucrata,MEIN5,Whitebract Blazingstar
Mentzelia laevicaulis,MELA2,Smoothstem Blazingstar
Mentzelia lindleyi,MELI4,Lindley's Blazingstar
Mentzelia marginata,MEMA5,Colorado Blazingstar
Mentzelia multiflora,MEMU3,Adonis Blazingstar
Mentzelia nitens,MENI2,Shining Blazingstar
Mentzelia nuda,MENU,Bractless Blazingstar
Mentzelia obscura,MEOB3,Pacific Blazingstar
Mentzelia pectinata,MEPE4,San Joaquin Blazingstar
Mentzelia pumila,MEPU3,Dwarf Mentzelia
Mentzelia strictissima,MEST3,Grassland Blazingstar
Mentzelia tricuspis,METR2,Spinyhair Blazingstar
Mentzelia tridentata,METR4,Threetooth Blazingstar
Menyanthes trifoliata,METR3,Buckbean
Menziesia ferruginea,MEFE,Rusty Menziesia
Mertensia alpina,MEAL7,Alpine Bluebells
Mertensia arizonica,MEAR6,Aspen Bluebells
Mertensia ciliata,MECI3,Tall Fringed Bluebells
Mertensia franciscana,MEFR2,Franciscan Bluebells
Mertensia lanceolata,MELA3,Prairie Bluebells
Mertensia maritima,MEMA3,Oysterleaf
Mertensia oblongifolia,MEOB,Oblongleaf Bluebells
Mertensia paniculata,MEPA,Tall Bluebells
Mertensia platyphylla,MEPL,Broadleaf Bluebells
Mertensia virginica,MEVI3,Virginia Bluebells
Metopium toxiferum,METO3,Poisonwood
Metrosideros polymorpha,MEPO5,Ohi'a Lehua
Meximalva filipes,MEFI,Texasfan
Microseris laciniata,MILA,Cutleaf Silverpuffs
Microseris nutans,MINU,Nodding Microseris
Mikania cordifolia,MICO9,Florida Keys Hempvine
Mikania scandens,MISC,Climbing Hempvine
Milium effusum,MIEF,American Milletgrass
Mimetanthe pilosa,MIPI5,False Monkeyflower
Mimosa aculeaticarpa,MIAC3,Catclaw Mimosa
Mimosa asperata,MIAS3,Puerto Rico Sensitive-Briar
Mimosa borealis,MIBO2,Fragrant Mimosa
Mimosa malacophylla,MIMA,Softleaf Mimosa
Mimosa microphylla,MIMI22,Littleleaf Sensitive-Briar
Mimosa nuttallii,MINU6,Nuttall's Sensitive-Briar
Mimulus alatus,MIAL2,Sharpwing Monkeyflower
Mimulus alsinoides,MIAL3,Wingstem Monkeyflower
Mimulus bicolor,MIBI4,Yellow And White Monkeyflower
Mimulus bigelovii,MIBI6,Bigelow's Monkeyflower
Mimulus breweri,MIBR5,Brewer's Monkeyflower
Mimulus cardinalis,MICA3,Scarlet Monkeyflower
Mimulus congdonii,MICO2,Congdon's Monkeyflower
Mimulus dentatus,MIDE3,Coastal Monkeyflower
Mimulus douglasii,MIDO2,Brownies
Mimulus eastwoodiae,MIEA,Eastwood's Monkeyflower
Mimulus filicaulis,MIFI,Slenderstem Monkeyflower
Mimulus floribundus,MIFL2,Manyflowered Monkeyflower
Mimulus fremontii,MIFR2,Fremont's Monkeyflower
Mimulus guttatus,MIGU,Seep Monkeyflower
Mimulus kelloggii,MIKE,Kellogg's Monkeyflower
Mimulus laciniatus,MILA3,Cutleaf Monkeyflower
Mimulus layneae,MILA5,Layne's Monkeyflower
Mimulus leptaleus,MILE,Slender Monkeyflower
Mimulus lewisii,MILE2,Purple Monkeyflower
Mimulus montioides,MIMO2,Mointain Monkeyflower
Mimulus moschatus,MIMO3,Muskflower
Mimulus nanus,MINA,Dwarf Purple Monkeyflower
Mimulus primuloides,MIPR,Primrose Monkeyflower
Mimulus pulchellus,MIPU,Yellowlip Pansy Monkeyflower
Mimulus pulsiferae,MIPU2,Candelabrum Monkeyflower
Mimulus ringens,MIRI,Allegheny Monkeyflower
Mimulus suksdorfii,MISU2,Suksdorf's Monkeyflower
Mimulus tilingii,MITI,Tiling's Monkeyflower
Mimulus torreyi,MITO,Torrey's Monkeyflower
Mimulus tricolor,MITR3,Tricolor Monkeyflower
Mimulus viscidus,MIVI2,Sticky Monkeyflower
Mimulus whitneyi,MIWH3,Harlequin Monkeyflower
Minuartia californica,MICA7,California Sandwort
Minuartia caroliniana,MICA8,Pine Barren Stitchwort
Minuartia douglasii,MIDO3,Douglas' Stitchwort
Minuartia obtusiloba,MIOB2,Twinflower Sandwort
Mirabilis albida,MIAL4,White Four O'clock
Mirabilis greenei,MIGR6,Greene's Four O'clock
Mirabilis hirsuta,MIHI,Hairy Four O'clock
Mirabilis laevis,MILA6,Desert Wishbone-Bush
Mirabilis longiflora,MILO2,Sweet Four O'clock
Mirabilis macfarlanei,MIMA2,Macfarlane's Four O'clock
Mirabilis multiflora,MIMU,Colorado Four O'clock
Mirabilis nyctaginea,MINY,Heartleaf Four O'clock
Mirabilis tenuiloba,MITE,Longlobe Four O'clock
Mitchella repens,MIRE,Partridgeberry
Mitella ovalis,MIOV,Coastal Miterwort
Mitella stauropetala,MIST3,Smallflower Miterwort
Mohavea breviflora,MOBR,Golden Desert-Snapdragon
Mohavea confertiflora,MOCO,Ghost Flower
Mollugo verticillata,MOVE,Green Carpetweed
Monarda bradburiana,MOBR2,Eastern Beebalm
Monarda citriodora,MOCI,Lemon Beebalm
Monarda clinopodia,MOCL,White Bergamot
Monarda clinopodioides,MOCL2,Basil Beebalm
Monarda didyma,MODI,Scarlet Beebalm
Monarda fistulosa,MOFI,Wild Bergamot
Monarda fruticulosa,MOFR2,Spotted Beebalm
Monarda lindheimeri,MOLI2,Lindheimer's Beebalm
Monarda media,MOME,Purple Bergamot
Monarda pectinata,MOPE,Pony Beebalm
Monarda punctata,MOPU,Dotted Mint
Monarda russeliana,MORU,Redpurple Beebalm
Monarda viridissima,MOVI5,Green Beebalm
Monardella crispa,MOCR,Crisped Monardella
Monardella exilis,MOEX,Desert Monardella
Monardella glauca,MOGL,Pale Monardella
Monardella lanceolata,MOLA2,Mustang Monardella
Monardella linoides,MOLI3,Flaxleaf Monardella
Monardella macrantha,MOMA,Red Monardella
Monardella odoratissima,MOOD,Mountain Monardella
Monardella pringlei,MOPR,Pringle's Monardella
Monardella sheltonii,MOSH,Shelton's Monardella
Monardella villosa,MOVI2,Coyote Mint
Monardella viridis,MOVI3,Green Monardella
Monolepis nuttalliana,MONU,Nuttall's Povertyweed
Monolopia lanceolata,MOLA3,Common Monolopia
Monotropa uniflora,MOUN3,Indianpipe
Montia fontana,MOFO,Annual Water Minerslettuce
Montia linearis,MOLI4,Narrowleaf Minerslettuce
Montia parvifolia,MOPA2,Littleleaf Minerslettuce
Morella californica,MOCA6,California Wax Myrtle
Morella caroliniensis,MOCA7,Southern Bayberry
Morella cerifera,MOCE2,Wax Myrtle
Morella inodora,MOIN,Scentless Bayberry
Morella pensylvanica,MOPE6,Northern Bayberry
Morinda royoc,MORO3,Redgal
Morus rubra,MORU2,Red Mulberry
Mucuna sloanei,MUSL,Horseeye Bean
Muhlenbergia asperifolia,MUAS,Scratchgrass
Muhlenbergia capillaris,MUCA2,Hairawn Muhly
Muhlenbergia cuspidata,MUCU3,Plains Muhly
Muhlenbergia filipes,MUFI3,Gulfhairawn Muhly
Muhlenbergia frondosa,MUFR2,Wirestem Muhly
Muhlenbergia glomerata,MUGL3,Spiked Muhly
Muhlenbergia mexicana,MUME2,Mexican Muhly
Muhlenbergia montana,MUMO,Mountain Muhly
Muhlenbergia porteri,MUPO2,Bush Muhly
Muhlenbergia pungens,MUPU2,Sandhill Muhly
Muhlenbergia racemosa,MURA,Marsh Muhly
Muhlenbergia repens,MURE,Creeping Muhly
Muhlenbergia richardsonis,MURI,Mat Muhly
Muhlenbergia rigens,MURI2,Deergrass
Muhlenbergia schreberi,MUSC,Nimblewill
Muhlenbergia sylvatica,MUSY,Woodland Muhly
Muhlenbergia tenuiflora,MUTE,Slimflower Muhly
Muhlenbergia texana,MUTE2,Texas Muhly
Muhlenbergia torreyi,MUTO2,Ring Muhly
Muhlenbergia uniflora,MUUN,Bog Muhly
Muhlenbergia wrightii,MUWR,Spike Muhly
Munroidendron racemosum,MURA3,False 'ohe
Musineon tenuifolium,MUTE3,Slender Wildparsley
Myoporum sandwicense,MYSA,Naio
Myosotis laxa,MYLA,Bay Forget-Me-Not
Myosotis verna,MYVE,Spring Forget-Me-Not
Myosurus apetalus,MYAP,Bristly Mousetail
Myosurus minimus,MYMI2,Tiny Mousetail
Myrica gale,MYGA,Sweetgale
Myriophyllum hippuroides,MYHI,Western Watermilfoil
Myrsine cubana,MYCU2,Guianese Colicwood
Myrsine lessertiana,MYLE2,Kolea Lau Nui
Myrsine sandwicensis,MYSA2,Kokea Lau Li'i
Najas flexilis,NAFL,Nodding Waternymph
Najas guadalupensis,NAGU,Southern Waternymph
Nama demissum,NADE,Purplemat
Nama hispidum,NAHI,Bristly Nama
Nama pusillum,NAPU,Eggleaf Fiddleleaf
Nama rothrockii,NARO,Rothrock's Fiddleleaf
Napaea dioica,NADI2,Glademallow
Nassella cernua,NACE,Nodding Needlegrass
Nassella lepida,NALE2,Foothill Needlegrass
Nassella pulchra,NAPU4,Purple Needlegrass
Nassella viridula,NAVI4,Green Needlegrass
Navarretia capillaris,NACA6,Miniature Gilia
Navarretia intertexta,NAIN2,Needleleaf Navarretia
Navarretia leptalea,NALE5,Bridges' Pincushionplant
Navarretia squarrosa,NASQ,Skunkbush
Navarretia viscidula,NAVI,Sticky Pincushionplant
Nectandra coriacea,NECO,Lancewood
Nekemias arborea,NEAR5,Peppervine
Nelumbo lutea,NELU,American Lotus
Nemophila breviflora,NEBR,Basin Nemophila
Nemophila heterophylla,NEHE,Small Baby Blue Eyes
Nemophila maculata,NEMA,Fivespot
Nemophila menziesii,NEME,Baby Blue Eyes
Nemophila parviflora,NEPA,Smallflower Nemophila
Nemophila pedunculata,NEPE,Littlefoot Nemophila
Nemophila phacelioides,NEPH,Largeflower Baby Blue Eyes
Nemophila pulchella,NEPU2,Eastwood's Baby Blue Eyes
Nemophila spatulata,NESP,Sierra Baby Blue Eyes
Neobeckia aquatica,NEAQ2,Lakecress
Nesoluma polynesicum,NEPO,Keahi
Nestegis sandwicensis,NESA2,Hawai'i Olive
Nicotiana attenuata,NIAT,Coyote Tobacco
Nicotiana obtusifolia,NIOB,Desert Tobacco
Nicotiana quadrivalvis,NIQU,Indian Tobacco
Nitrophila occidentalis,NIOC2,Boraxweed
Noccaea fendleri,NOFE3,Fendler's Pennycress
Nolina bigelovii,NOBI,Bigelow's Nolina
Nolina microcarpa,NOMI,Sacahuista
Nothochelone nemorosa,NONE3,Woodland Beardtongue
Notholithocarpus densiflorus,NODE3,Tanoak
Nothoscordum bivalve,NOBI2,Crowpoison
Nuphar lutea,NULU,Yellow Pond-Lily
Nuttallanthus canadensis,NUCA,Canada Toadflax
Nymphaea leibergii,NYLE,Leiberg's Waterlily
Nymphaea mexicana,NYME,Yellow Waterlily
Nymphaea odorata,NYOD,American White Waterlily
Nyssa aquatica,NYAQ2,Water Tupelo
Nyssa biflora,NYBI,Swamp Tupelo
Nyssa ogeche,NYOG,Ogeechee Tupelo
Nyssa sylvatica,NYSY,Blackgum
Ochrosia compta,OCCO,Holei
Oclemena acuminata,OCAC,Whorled Wood Aster
Oclemena nemoralis,OCNE2,Bog Aster
Oemleria cerasiformis,OECE,Indian Plum
Oenanthe sarmentosa,OESA,Water Parsely
Oenothera albicaulis,OEAL,Whitest Evening Primrose
Oenothera biennis,OEBI,Common Evening Primrose
Oenothera brachycarpa,OEBR,Shortfruit Evening Primrose
Oenothera caespitosa,OECA10,Tufted Evening Primrose
Oenothera californica,OECA2,California Evening Primrose
Oenothera canescens,OECA3,Spotted Evening Primrose
Oenothera cinerea,OECI,High-Plains Beeblossom
Oenothera clelandii,OECL3,Cleland's Evening Primrose
Oenothera coronopifolia,OECO2,Crownleaf Evening Primrose
Oenothera deltoides,OEDE2,Birdcage Evening Primrose
Oenothera drummondii,OEDR,Beach Evening Primrose
Oenothera elata,OEEL,Hooker's Evening Primrose
Oenothera engelmannii,OEEN,Engelmann's Evening Primrose
Oenothera flava,OEFL,Yellow Evening Primrose
Oenothera fruticosa,OEFR,Narrowleaf Evening Primrose
Oenothera grandis,OEGR2,Showy Evening Primrose
Oenothera havardii,OEHA2,Havard's Evening Primrose
Oenothera heterophylla,OEHE3,Variableleaf Evening Primrose
Oenothera jamesii,OEJA,Trumpet Evening Primrose
Oenothera kunthiana,OEKU,Kunth's Evening Primrose
Oenothera laciniata,OELA,Cutleaf Evening Primrose
Oenothera latifolia,OELA2,Mountain Evening Primrose
Oenothera linifolia,OELI,Threadleaf Evening Primrose
Oenothera macrocarpa,OEMA,Bigfruit Evening Primrose
Oenothera neomexicana,OENE,New Mexico Evening Primrose
Oenothera nutans,OENU2,Nodding Evening Primrose
Oenothera nuttallii,OENU,Nuttall's Evening Primrose
Oenothera oakesiana,OEOA,Oakes' Evening Primrose
Oenothera pallida,OEPA,Pale Evening Primrose
Oenothera parviflora,OEPA5,Northern Evening Primrose
Oenothera perennis,OEPE,Little Evening Primrose
Oenothera pilosella,OEPI2,Meadow Evening Primrose
Oenothera primiveris,OEPR,Desert Evening Primrose
Oenothera rhombipetala,OERH,Fourpoint Evening Primrose
Oenothera spachiana,OESP,Spach's Evening Primrose
Oenothera speciosa,OESP2,Pink Evening Primrose
Oenothera tetraptera,OETE2,Fourwing Evening Primrose
Oenothera triloba,OETR2,Stemless Evening Primrose
Oenothera villosa,OEVI,Hairy Evening Primrose
Oenothera xylocarpa,OEXY,Woodyfruit Evening Primrose
Oligoneuron album,OLAL2,Prairie Goldenrod
Oligoneuron nitidum,OLNI,Shiny Goldenrod
Oligoneuron ohioense,OLOH,Ohio Goldenrod
Oligoneuron riddellii,OLRI2,Riddell's Goldenrod
Oligoneuron rigidum,OLRI,Stiff Goldenrod
Olneya tesota,OLTE,Desert Ironwood
Olsynium douglasii,OLDO,Douglas' Grasswidow
Onoclea sensibilis,ONSE,Sensitive Fern
Onosmodium bejariense,ONBE,Soft-Hair Marbleseed
Onosmodium virginianum,ONVI2,Wild Job's Tears
Oplopanax horridus,OPHO,Devilsclub
Opuntia atrispina,OPAT,Border Pricklypear
Opuntia austrina,OPAU3,Devil's-Tongue
Opuntia basilaris,OPBA2,Beavertail Pricklypear
Opuntia chlorotica,OPCH,Dollarjoint Pricklypear
Opuntia cymochila,OPCY,Grassland Pricklypear
Opuntia edwardsii,OPED,Edwards' Pricklypear
Opuntia engelmannii,OPEN3,Cactus Apple
Opuntia fragilis,OPFR,Brittle Pricklypear
Opuntia gosseliniana,OPGO,Violet Pricklypear
Opuntia humifusa,OPHU,Devil's-Tongue
Opuntia littoralis,OPLI3,Coastal Pricklypear
Opuntia macrocentra,OPMA8,Purple Pricklypear
Opuntia macrorhiza,OPMA2,Twistspine Pricklypear
Opuntia phaeacantha,OPPH,Tulip Pricklypear
Opuntia polyacantha,OPPO,Plains Pricklypear
Opuntia pusilla,OPPU2,Cockspur Pricklypear
Opuntia rufida,OPRU3,Blind Pricklypear
Opuntia santa-rita,OPSA,Santa Rita Pricklypear
Opuntia strigil,OPST3,Marblefruit Pricklypear
Opuntia ×spinosibacca,OPSP7,Pricklypear
Opuntia ×vaseyi,OPVA4,Vasey's Coastal Pricklypear
Orbexilum onobrychis,ORON,French-Grass
Oreochrysum parryi,ORPA3,Parry's Goldenrod
Oreostemma alpigenum,ORAL4,Tundra Aster
Orobanche fasciculata,ORFA,Clustered Broomrape
Orobanche ludoviciana,ORLU,Louisiana Broomrape
Orobanche uniflora,ORUN,Oneflowered Broomrape
Orthocarpus bracteosus,ORBR,Rosy Owl's-Clover
Orthocarpus imbricatus,ORIM,Mountain Owl's-Clover
Orthocarpus luteus,ORLU2,Yellow Owl's-Clover
Orthocarpus tenuifolius,ORTE2,Thinleaved Owl's-Clover
Osmanthus americanus,OSAM,Devilwood
Osmorhiza berteroi,OSBE,Sweetcicely
Osmorhiza brachypoda,OSBR,California Sweetcicely
Osmorhiza claytonii,OSCL,Clayton's Sweetroot
Osmorhiza depauperata,OSDE,Bluntseed Sweetroot
Osmorhiza longistylis,OSLO,Longstyle Sweetroot
Osmorhiza occidentalis,OSOC,Western Sweetroot
Osmunda cinnamomea,OSCI,Cinnamon Fern
Osmunda claytoniana,OSCL2,Interrupted Fern
Osmunda regalis,OSRE,Royal Fern
Osteomeles anthyllidifolia,OSAN,Hawai'i Hawthorn
Ostrya virginiana,OSVI,Hophornbeam
Oxalis corniculata,OXCO,Creeping Woodsorrel
Oxalis dillenii,OXDI2,Slender Yellow Woodsorrel
Oxalis montana,OXMO,Mountain Woodsorrel
Oxalis oregana,OXOR,Redwood-Sorrel
Oxalis stricta,OXST,Common Yellow Oxalis
Oxalis suksdorfii,OXSU,Suksdorf Woodsorrel
Oxalis violacea,OXVI,Violet Woodsorrel
Oxydendrum arboreum,OXAR,Sourwood
Oxypolis canbyi,OXCA2,Canby's Cowbane
Oxypolis filiformis,OXFI,Water Cowbane
Oxypolis rigidior,OXRI,Stiff Cowbane
Oxyria digyna,OXDI3,Alpine Mountainsorrel
Oxytheca perfoliata,OXPE2,Roundleaf Oxytheca
Oxytheca trilobata,OXTR2,Threelobe Oxytheca
Oxytropis campestris,OXCA4,Field Locoweed
Oxytropis deflexa,OXDE2,Nodding Locoweed
Oxytropis lambertii,OXLA3,Purple Locoweed
Oxytropis maydelliana,OXMA2,Maydell's Oxytrope
Oxytropis parryi,OXPA2,Parry's Oxytrope
Oxytropis sericea,OXSE,White Locoweed
Oxytropis splendens,OXSP,Showy Locoweed
Pachycereus schottii,PASC14,Senita Cactus
Packera anonyma,PAAN6,Small's Ragwort
Packera aurea,PAAU3,Golden Ragwort
Packera cana,PACA15,Woolly Groundsel
Packera dimorphophylla,PADI11,Splitleaf Groundsel
Packera glabella,PAGL17,Butterweed
Packera ionophylla,PAIO4,Tehachapi Ragwort
Packera macounii,PAMA35,Siskiyou Mountain Ragwort
Packera multilobata,PAMU11,Lobeleaf Groundsel
Packera obovata,PAOB6,Roundleaf Ragwort
Packera paupercula,PAPA20,Balsam Groundsel
Packera plattensis,PAPL12,Prairie Groundsel
Packera schweinitziana,PASC19,Schweinitz's Ragwort
Packera streptanthifolia,PAST10,Rocky Mountain Groundsel
Packera subnuda,PASU40,Buek's Groundsel
Packera tridenticulata,PATR7,Threetooth Ragwort
Paeonia brownii,PABR,Brown's Peony
Paeonia californica,PACA2,California Peony
Palafoxia arida,PAAR8,Desert Palafox
Palafoxia hookeriana,PAHO,Sand Palafox
Panicum amarum,PAAM2,Bitter Panicgrass
Panicum capillare,PACA6,Witchgrass
Panicum dichotomiflorum,PADI,Fall Panicgrass
Panicum hemitomon,PAHE2,Maidencane
Panicum obtusum,PAOB,Vine Mesquite
Panicum rigidulum,PARI4,Redtop Panicgrass
Panicum virgatum,PAVI2,Switchgrass
Papaver gorodkovii,PAGO4,Arctic Poppy
Papaver nudicaule,PANU3,Icelandic Poppy
Parietaria floridana,PAFL3,Florida Pellitory
Parietaria pensylvanica,PAPE5,Pennsylvania Pellitory
Parkinsonia aculeata,PAAC3,Jerusalem Thorn
Parkinsonia florida,PAFL6,Blue Paloverde
Parkinsonia microphylla,PAMI5,Yellow Paloverde
Parnassia fimbriata,PAFI3,Fringed Grass Of Parnassus
Parnassia palustris,PAPA8,Marsh Grass Of Parnassus
Parthenium argentatum,PAAR5,Guayule
Parthenium confertum,PACO11,Gray's Feverfew
Parthenium integrifolium,PAIN3,Wild Quinine
Parthenocissus quinquefolia,PAQU2,Virginia Creeper
Parthenocissus vitacea,PAVI5,Woodbine
Pascopyrum smithii,PASM,Western Wheatgrass
Paspalum conjugatum,PACO14,Hilograss
Paspalum denticulatum,PADE24,Longtom
Paspalum distichum,PADI6,Knotgrass
Paspalum fluitans,PAFL5,Horsetail Paspalum
Paspalum laeve,PALA10,Field Paspalum
Paspalum plicatulum,PAPL3,Brownseed Paspalum
Paspalum setaceum,PASE5,Thin Paspalum
Paspalum vaginatum,PAVA,Seashore Paspalum
Passiflora affinis,PAAF,Bracted Passionflower
Passiflora incarnata,PAIN6,Purple Passionflower
Passiflora lutea,PALU2,Yellow Passionflower
Passiflora tenuiloba,PATE9,Birdwing Passionflower
Paxistima myrsinites,PAMY,Oregon Boxleaf
Pectis angustifolia,PEAN,Lemonscent
Pectis papposa,PEPA2,Manybristle Chinchweed
Pedicularis attollens,PEAT,Little Elephantshead
Pedicularis bracteosa,PEBR,Bracted Lousewort
Pedicularis canadensis,PECA,Canadian Lousewort
Pedicularis centranthera,PECE,Dwarf Lousewort
Pedicularis contorta,PECO,Coiled Lousewort
Pedicularis densiflora,PEDE,Indian Warrior
Pedicularis groenlandica,PEGR2,Elephanthead Lousewort
Pedicularis lanceolata,PELA2,Swamp Lousewort
Pedicularis parviflora,PEPA4,Smallflower Lousewort
Pedicularis procera,PEPR7,Giant Lousewort
Pedicularis semibarbata,PESE2,Pinewoods Lousewort
Pediocactus despainii,PEDE17,Despain's Pincushion Cactus
Pediocactus sileri,PESI4,Siler Pincushion Cactus
Pediomelum argophyllum,PEAR6,Silverleaf Indian Breadroot
Pediomelum castoreum,PECA24,Beaver Indian Breadroot
Pediomelum rhombifolium,PERH2,Gulf Indian Breadroot
Peltandra virginica,PEVI,Green Arrow Arum
Peniocereus greggii,PEGR3,Nightblooming Cereus
Peniocereus striatus,PEST11,Gearstem Cactus
Penstemon acuminatus,PEAC,Sharpleaf Penstemon
Penstemon albertinus,PEAL11,Alberta Beardtongue
Penstemon albidus,PEAL2,White Penstemon
Penstemon albomarginatus,PEAL3,Whitemargin Beardtongue
Penstemon ambiguus,PEAM,Gilia Beardtongue
Penstemon anguineus,PEAN3,Siskiyou Beardtongue
Penstemon angustifolius,PEAN4,Broadbeard Beardtongue
Penstemon arkansanus,PEAR4,Arkansas Beardtongue
Penstemon attenuatus,PEAT3,Sulphur Penstemon
Penstemon australis,PEAU,Eustis Lake Beardtongue
Penstemon azureus,PEAZ,Azure Penstemon
Penstemon baccharifolius,PEBA,Baccharisleaf Beardtongue
Penstemon barbatus,PEBA2,Beardlip Penstemon
Penstemon barnebyi,PEBA6,White River Valley Beardtongue
Penstemon barrettiae,PEBA7,Barrett's Beardtongue
Penstemon bicolor,PEBI2,Pinto Beardtongue
Penstemon buckleyi,PEBU,Buckley's Beardtongue
Penstemon caesius,PECA3,San Bernardino Beardtongue
Penstemon caespitosus,PECA4,Mat Penstemon
Penstemon calycosus,PECA7,Longsepal Beardtongue
Penstemon canescens,PECA8,Eastern Gray Beardtongue
Penstemon cardinalis,PECA15,Cardinal Beardtongue
Penstemon cardwellii,PECA16,Cardwell's Beardtongue
Penstemon caryi,PECA17,Cary's Beardtongue
Penstemon centranthifolius,PECE2,Scarlet Bugler
Penstemon clevelandii,PECL,Cleveland's Beardtongue
Penstemon cobaea,PECO4,Prairie Penstemon
Penstemon comarrhenus,PECO5,Dusty Beardtongue
Penstemon confertus,PECO6,Yellow Penstemon
Penstemon crandallii,PECR5,Crandall's Beardtongue
Penstemon cusickii,PECU,Cusick's Beardtongue
Penstemon cyananthus,PECY2,Wasatch Beardtongue
Penstemon cyaneus,PECY3,Blue Penstemon
Penstemon cyathophorus,PECY6,Sagebrush Beardtongue
Penstemon dasyphyllus,PEDA,Cochise Beardtongue
Penstemon davidsonii,PEDA2,Davidson's Penstemon
Penstemon deaveri,PEDE11,Mt. Graham Beardtongue
Penstemon debilis,PEDE22,Parachute Beardtongue
Penstemon deustus,PEDE4,Scabland Penstemon
Penstemon digitalis,PEDI,Smooth Beard Tongue
Penstemon diphyllus,PEDI5,Twoleaf Beardtongue
Penstemon eatonii,PEEA,Firecracker Penstemon
Penstemon elegantulus,PEEL4,Rockvine Penstemon
Penstemon ellipticus,PEEL5,Rocky Ledge Penstemon
Penstemon eriantherus,PEER,Fuzzytongue Penstemon
Penstemon fendleri,PEFE,Fendler's Penstemon
Penstemon filiformis,PEFI2,Threadleaf Beardtongue
Penstemon floridus,PEFL3,Panamint Beardtongue
Penstemon fruticiformis,PEFR2,Death Valley Beardtongue
Penstemon fruticosus,PEFR3,Bush Penstemon
Penstemon gairdneri,PEGA,Gairdner's Beardtongue
Penstemon glaber,PEGL3,Sawsepal Penstemon
Penstemon glandulosus,PEGL4,Stickystem Penstemon
Penstemon globosus,PEGL5,Globe Penstemon
Penstemon goodrichii,PEGO2,Lapoint Beardtongue
Penstemon gormanii,PEGO,Gorman's Beardtongue
Penstemon gracilentus,PEGR4,Slender Penstemon
Penstemon gracilis,PEGR5,Lilac Penstemon
Penstemon grandiflorus,PEGR7,Large-Flowered Beard Tongue
Penstemon griffinii,PEGR20,Griffin's Beardtongue
Penstemon grinnellii,PEGR8,Grinnell's Beardtongue
Penstemon guadalupensis,PEGU,Guadalupe Beardtongue
Penstemon hallii,PEHA9,Hall's Beardtongue
Penstemon harbourii,PEHA10,Harbour's Beardtongue
Penstemon harringtonii,PEHA11,Harrington's Beardtongue
Penstemon havardii,PEHA2,Big Bend Beardtongue
Penstemon haydenii,PEHA12,Blowout Beardtongue
Penstemon heterodoxus,PEHE2,Sierra Beardtongue
Penstemon heterophyllus,PEHE3,Bunchleaf Penstemon
Penstemon hirsutus,PEHI,Hairy Beardtongue
Penstemon humilis,PEHU,Low Beardtongue
Penstemon idahoensis,PEID,Idaho Beardtongue
Penstemon incertus,PEIN3,Mojave Beardtongue
Penstemon jamesii,PEJA,James' Beardtongue
Penstemon kingii,PEKI,King's Beardtongue
Penstemon labrosus,PELA6,San Gabriel Beardtongue
Penstemon laetus,PELA7,Mountain Blue Penstemon
Penstemon laevigatus,PELA8,Eastern Smooth Beardtongue
Penstemon laevis,PELA15,Southwestern Beardtongue
Penstemon laricifolius,PELA9,Larchleaf Beardtongue
Penstemon laxiflorus,PELA10,Nodding Beardtongue
Penstemon leiophyllus,PELE7,Smoothleaf Beardtongue
Penstemon leonardii,PELE9,Leonard's Beardtongue
Penstemon linarioides,PELI2,Toadflax Penstemon
Penstemon lyallii,PELY2,Lyall's Beardtongue
Penstemon montanus,PEMO4,Cordroot Beardtongue
Penstemon multiflorus,PEMU9,Manyflower Beardtongue
Penstemon murrayanus,PEMU2,Scarlet Beardtongue
Penstemon nanus,PENA3,Dwarf Beardtongue
Penstemon newberryi,PENE3,Mountain Pride
Penstemon nitidus,PENI3,Waxleaf Penstemon
Penstemon oklahomensis,PEOK,Oklahoma Beardtongue
Penstemon osterhoutii,PEOS,Osterhout's Beardtongue
Penstemon ovatus,PEOV2,Eggleaf Beardtongue
Penstemon pachyphyllus,PEPA6,Thickleaf Beardtongue
Penstemon pallidus,PEPA7,Pale Beardtongue
Penstemon palmeri,PEPA8,Palmer's Penstemon
Penstemon parryi,PEPA24,Parry's Beardtongue
Penstemon payettensis,PEPA29,Payette Beardtongue
Penstemon peckii,PEPE10,Peck's Beardtongue
Penstemon penlandii,PEPE25,Penland's Beardtongue
Penstemon pennellianus,PEPE11,Blue Mountain Beardtongue
Penstemon personatus,PEPE3,Closethroat Beardtongue
Penstemon petiolatus,PEPE13,Petiolate Beardtongue
Penstemon pinifolius,PEPI3,Pineneedle Beardtongue
Penstemon platyphyllus,PEPL4,Broadleaf Beardtongue
Penstemon pratensis,PEPR6,Western Whiteflower Beardtongue
Penstemon procerus,PEPR2,Littleflower Penstemon
Penstemon pseudospectabilis,PEPS,Desert Penstemon
Penstemon purpusii,PEPU4,Snow Mountain Beardtongue
Penstemon rattanii,PERA3,Rattan's Beardtongue
Penstemon retrorsus,PERE7,Adobe Hills Beardtongue
Penstemon richardsonii,PERI,Cutleaf Beardtongue
Penstemon roezlii,PERO12,Roezl's Penstemon
Penstemon rostriflorus,PERO10,Bridge Penstemon
Penstemon rupicola,PERU,Cliff Beardtongue
Penstemon rydbergii,PERY,Rydberg's Penstemon
Penstemon scariosus,PESC5,White River Beardtongue
Penstemon secundiflorus,PESE11,Sidebells Penstemon
Penstemon sepalulus,PESE13,Littlecup Beardtongue
Penstemon serrulatus,PESE5,Serrulate Penstemon
Penstemon smallii,PESM,Small's Beardtongue
Penstemon speciosus,PESP,Royal Penstemon
Penstemon spectabilis,PESP3,Showy Penstemon
Penstemon strictus,PEST2,Rocky Mountain Penstemon
Penstemon subglaber,PESU2,Smooth Penstemon
Penstemon subserratus,PESU6,Finetooth Beardtongue
Penstemon subulatus,PESU7,Hackberry Beardtongue
Penstemon superbus,PESU8,Superb Beardtongue
Penstemon tenuiflorus,PETE4,Eastern Whiteflower Beardtongue
Penstemon tenuis,PETE3,Sharpsepal Beardtongue
Penstemon thompsoniae,PETH2,Thompson's Beardtongue
Penstemon thurberi,PETH3,Thurber's Penstemon
Penstemon triflorus,PETR2,Heller's Beardtongue
Penstemon tubaeflorus,PETU,White Wand Beardtongue
Penstemon uintahensis,PEUI,Uinta Mountain Beardtongue
Penstemon unilateralis,PEUN,Oneside Penstemon
Penstemon utahensis,PEUT,Utah Penstemon
Penstemon venustus,PEVE2,Venus Penstemon
Penstemon virens,PEVI3,Front Range Beardtongue
Penstemon virgatus,PEVI4,Upright Blue Beardtongue
Penstemon washingtonensis,PEWA9,Washington Beardtongue
Penstemon watsonii,PEWA,Watson's Penstemon
Penstemon whippleanus,PEWH,Whipple's Penstemon
Penstemon wilcoxii,PEWI,Wilcox's Penstemon
Penstemon ×parishii,PEPA10,Beardtongue
Pentagramma triangularis,PETR7,Goldback Fern
Penthorum sedoides,PESE6,Ditch Stonecrop
Peraphyllum ramosissimum,PERA4,Wild Crab Apple
Perideridia americana,PEAM2,Eastern Yampah
Perideridia bolanderi,PEBO2,Bolander's Yampah
Perideridia californica,PECA14,California Yampah
Perideridia gairdneri,PEGA3,Gardner's Yampah
Perideridia kelloggii,PEKE,Kellogg's Yampah
Perideridia lemmonii,PELE5,Lemmon's Yampah
Perideridia oregana,PEOR6,Oregon Yampah
Perideridia parishii,PEPA21,Parish's Yampah
Perrottetia sandwicensis,PESA3,Olomea
Persea borbonia,PEBO,Redbay
Persea palustris,PEPA37,Swamp Bay
Petalonyx linearis,PELI5,Narrowleaf Sandpaper Plant
Petalonyx nitidus,PENI,Shinyleaf Sandpaper Plant
Petalonyx parryi,PEPA13,Parry's Sandpaper Plant
Petalonyx thurberi,PETH4,Thurber's Sandpaper Plant
Petasites frigidus,PEFR5,Arctic Sweet Coltsfoot
Petitia domingensis,PEDO,Bastard Stopper
Petradoria pumila,PEPU7,Rock Goldenrod
Petrophytum caespitosum,PECA12,Mat Rockspirea
Peucephyllum schottii,PESC4,Schott's Pygmycedar
Phacelia alba,PHAL9,White Phacelia
Phacelia argillacea,PHAR2,Attwood's Phacelia
Phacelia bakeri,PHBA3,Baker's Phacelia
Phacelia bipinnatifida,PHBI2,Fernleaf Phacelia
Phacelia bolanderi,PHBO,Bolander's Phacelia
Phacelia brachyloba,PHBR,Shortlobe Phacelia
Phacelia californica,PHCA,California Phacelia
Phacelia calthifolia,PHCA2,Calthaleaf Phacelia
Phacelia campanularia,PHCA3,Desertbells
Phacelia cicutaria,PHCI,Caterpillar Phacelia
Phacelia ciliata,PHCI2,Great Valley Phacelia
Phacelia coerulea,PHCO,Skyblue Phacelia
Phacelia congdonii,PHCO18,Congdon's Phacelia
Phacelia congesta,PHCO2,Caterpillars
Phacelia corymbosa,PHCO3,Serpentine Phacelia
Phacelia crenulata,PHCR,Cleftleaf Wildheliotrope
Phacelia curvipes,PHCU,Washoe Phacelia
Phacelia davidsonii,PHDA3,Davidson's Phacelia
Phacelia demissa,PHDE,Intermountain Phacelia
Phacelia distans,PHDI,Distant Phacelia
Phacelia divaricata,PHDI2,Divaricate Phacelia
Phacelia douglasii,PHDO,Douglas' Phacelia
Phacelia dubia,PHDU,Smallflower Phacelia
Phacelia fimbriata,PHFI2,Fringed Phacelia
Phacelia fremontii,PHFR2,Fremont's Phacelia
Phacelia glandulosa,PHGL3,Glandular Phacelia
Phacelia glechomifolia,PHGL13,Pennyroyal Leaf Phacelia
Phacelia grandiflora,PHGR,Largeflower Phacelia
Phacelia hastata,PHHA,Silverleaf Phacelia
Phacelia heterophylla,PHHE2,Varileaf Phacelia
Phacelia hirsuta,PHHI,Fuzzy Phacelia
Phacelia humilis,PHHU,Low Phacelia
Phacelia hydrophylloides,PHHY,Waterleaf Phacelia
Phacelia imbricata,PHIM,Imbricate Phacelia
Phacelia indecora,PHIN11,Drab Phacelia
Phacelia integrifolia,PHIN,Gypsum Phacelia
Phacelia laxa,PHLA,Coastal Phacelia
Phacelia leptosepala,PHLE7,Narrowsepal Phacelia
Phacelia linearis,PHLI,Threadleaf Phacelia
Phacelia maculata,PHMA9,Spotted Phacelia
Phacelia malvifolia,PHMA2,Stinging Phacelia
Phacelia minor,PHMI,Wild Canterbury Bells
Phacelia mutabilis,PHMU2,Changeable Phacelia
Phacelia nashiana,PHNA,Charlotte's Phacelia
Phacelia nemoralis,PHNE2,Shade Phacelia
Phacelia pachyphylla,PHPA,Blacktack Phacelia
Phacelia palmeri,PHPA13,Palmer's Phacelia
Phacelia parishii,PHPA2,Parish's Phacelia
Phacelia parryi,PHPA3,Parry's Phacelia
Phacelia patuliflora,PHPA4,Sand Phacelia
Phacelia platyloba,PHPL,Broadlobe Phacelia
Phacelia popei,PHPO,Pope's Phacelia
Phacelia pulchella,PHPU,Beautiful Phacelia
Phacelia quickii,PHQU,Quick's Phacelia
Phacelia rafaelensis,PHRA9,Plateau Phacelia
Phacelia ramosissima,PHRA2,Branching Phacelia
Phacelia ranunculacea,PHRA3,Oceanblue Phacelia
Phacelia robusta,PHRO,Stout Phacelia
Phacelia rupestris,PHRU2,Rock Phacelia
Phacelia sericea,PHSE,Silky Phacelia
Phacelia splendens,PHSP3,Patch Phacelia
Phacelia strictiflora,PHST,Prairie Phacelia
Phacelia tanacetifolia,PHTA,Lacy Phacelia
Phacelia vallicola,PHVA,Mariposa Phacelia
Phacelia vallis-mortae,PHVA2,Death Valley Phacelia
Phacelia viscida,PHVI,Tacky Phacelia
Phalaris arundinacea,PHAR3,Reed Canarygrass
Phalaris californica,PHCA4,California Canarygrass
Phalaris lemmonii,PHLE3,Lemmon's Canarygrass
Phaseolus polystachios,PHPO2,Thicket Bean
Phemeranthus teretifolius,PHTE18,Quill Fameflower
Philadelphus californicus,PHCA18,California Mock Orange
Philadelphus ernestii,PHER,Canyon Mock Orange
Philadelphus hirsutus,PHHI2,Streambank Mock Orange
Philadelphus hitchcockianus,PHHI3,Hitchcock's Mock Orange
Philadelphus inodorus,PHIN5,Scentless Mock Orange
Philadelphus lewisii,PHLE4,Lewis' Mock Orange
Philadelphus microphyllus,PHMI4,Littleleaf Mock Orange
Philadelphus pubescens,PHPU4,Hoary Mock Orange
Philadelphus texensis,PHTE3,Texas Mock Orange
Phleum alpinum,PHAL2,Alpine Timothy
Phlox amoena,PHAM3,Hairy Phlox
Phlox austromontana,PHAU3,Mountain Phlox
Phlox bifida,PHBI3,Cleft Phlox
Phlox condensata,PHCO11,Dwarf Phlox
Phlox diffusa,PHDI3,Spreading Phlox
Phlox divaricata,PHDI5,Wild Blue Phlox
Phlox dolichantha,PHDO2,Big Bear Valley Phlox
Phlox drummondii,PHDR,Annual Phlox
Phlox glaberrima,PHGL4,Smooth Phlox
Phlox hoodii,PHHO,Spiny Phlox
Phlox latifolia,PHLA13,Wideflower Phlox
Phlox longifolia,PHLO2,Longleaf Phlox
Phlox maculata,PHMA4,Wild Sweetwilliam
Phlox multiflora,PHMU3,Flowery Phlox
Phlox paniculata,PHPA9,Fall Phlox
Phlox pilosa,PHPI,Downy Phlox
Phlox speciosa,PHSP,Showy Phlox
Phlox stansburyi,PHST11,Cold-Desert Phlox
Phlox stolonifera,PHST3,Creeping Phlox
Phlox subulata,PHSU3,Moss Phlox
Phoenicaulis cheiranthoides,PHCH,Wallflower Phoenicaulis
Pholistoma auritum,PHAU4,Blue Fiestaflower
Pholistoma membranaceum,PHME3,White Fiestaflower
Phoradendron bolleanum,PHBO3,Bollean Mistletoe
Phoradendron californicum,PHCA8,Mesquite Mistletoe
Phoradendron juniperinum,PHJU,Juniper Mistletoe
Phoradendron leucarpum,PHLE14,Oak Mistletoe
Phoradendron tomentosum,PHTO2,Christmas Mistletoe
Phragmites australis,PHAU7,Common Reed
Phryma leptostachya,PHLE5,American Lopseed
Phyla lanceolata,PHLA3,Lanceleaf Fogfruit
Phyla nodiflora,PHNO2,Turkey Tangle Fogfruit
Phyllanthus acidus,PHAC3,Tahitian Gooseberry Tree
Phyllodoce breweri,PHBR4,Purple Mountainheath
Phyllodoce caerulea,PHCA10,Blue Mountainheath
Phyllodoce empetriformis,PHEM,Pink Mountainheath
Phyllostegia macrophylla,PHMA11,Largeleaf Phyllostegia
Physalis angulata,PHAN5,Cutleaf Groundcherry
Physalis crassifolia,PHCR4,Yellow NightSheet Groundcherry
Physalis grisea,PHGR22,Strawberry-Tomato
Physalis hederifolia,PHHE4,Ivyleaf Groundcherry
Physalis heterophylla,PHHE5,Clammy Groundcherry
Physalis hispida,PHHI8,Prairie Groundcherry
Physalis lanceolata,PHLA32,Sword Groundcherry
Physalis longifolia,PHLO4,Longleaf Groundcherry
Physalis pubescens,PHPU7,Husk Tomato
Physalis turbinata,PHTU3,Thicket Groundcherry
Physalis virginiana,PHVI5,Virginia Groundcherry
Physalis viscosa,PHVI17,Starhair Groundcherry
Physaria acutifolia,PHAC4,Sharpleaf Twinpod
Physaria chambersii,PHCH2,Chambers' Twinpod
Physaria newberryi,PHNE5,Newberry's Twinpod
Physaria obcordata,PHOB,Dudley Bluffs Twinpod
Physaria vitulifera,PHVI7,Roundtip Twinpod
Physocarpus capitatus,PHCA11,Pacific Ninebark
Physocarpus malvaceus,PHMA5,Mallow Ninebark
Physocarpus monogynus,PHMO4,Mountain Ninebark
Physocarpus opulifolius,PHOP,Ninebark
Physostegia angustifolia,PHAN6,Narrowleaf False Dragonhead
Physostegia correllii,PHCO17,Correll's False Dragonhead
Physostegia digitalis,PHDI7,Finger False Dragonhead
Physostegia intermedia,PHIN8,Slender False Dragonhead
Physostegia parviflora,PHPA10,Western False Dragonhead
Physostegia pulchella,PHPU9,Showy False Dragonhead
Physostegia purpurea,PHPU10,Eastern False Dragonhead
Physostegia virginiana,PHVI8,Obedient Plant
Phytolacca americana,PHAM4,American Pokeweed
Phytolacca sandwicensis,PHSA2,Hawai'i Pokeweed
Picea breweriana,PIBR,Brewer Spruce
Picea engelmannii,PIEN,Engelmann Spruce
Picea glauca,PIGL,White Spruce
Picea mariana,PIMA,Black Spruce
Picea pungens,PIPU,Blue Spruce
Picea rubens,PIRU,Red Spruce
Picea sitchensis,PISI,Sitka Spruce
Pickeringia montana,PIMO5,Chaparral Pea
Picrothamnus desertorum,PIDE4,Bud Sagebrush
Pieris floribunda,PIFL,Mountain Fetterbush
Pieris phillyreifolia,PIPH,Climbing Fetterbush
Pilea pumila,PIPU2,Canadian Clearweed
Pinckneya bracteata,PIBR6,Fevertree
Pinus albicaulis,PIAL,Whitebark Pine
Pinus aristata,PIAR,Bristlecone Pine
Pinus attenuata,PIAT,Knobcone Pine
Pinus banksiana,PIBA2,Jack Pine
Pinus cembroides,PICE,Mexican Pinyon
Pinus clausa,PICL,Sand Pine
Pinus contorta,PICO,Lodgepole Pine
Pinus coulteri,PICO3,Coulter Pine
Pinus echinata,PIEC2,Shortleaf Pine
Pinus edulis,PIED,Twoneedle Pinyon
Pinus elliottii,PIEL,Slash Pine
Pinus engelmannii,PIEN2,Apache Pine
Pinus flexilis,PIFL2,Limber Pine
Pinus glabra,PIGL2,Spruce Pine
Pinus jeffreyi,PIJE,Jeffrey Pine
Pinus lambertiana,PILA,Sugar Pine
Pinus leiophylla,PILE,Chihuahuan Pine
Pinus monophylla,PIMO,Singleleaf Pinyon
Pinus monticola,PIMO3,Western White Pine
Pinus muricata,PIMU,Bishop Pine
Pinus palustris,PIPA2,Longleaf Pine
Pinus ponderosa,PIPO,Ponderosa Pine
Pinus pungens,PIPU5,Table Mountain Pine
Pinus radiata,PIRA2,Monterey Pine
Pinus resinosa,PIRE,Red Pine
Pinus rigida,PIRI,Pitch Pine
Pinus sabiniana,PISA2,California Foothill Pine
Pinus serotina,PISE,Pond Pine
Pinus strobiformis,PIST3,Southwestern White Pine
Pinus strobus,PIST,Eastern White Pine
Pinus taeda,PITA,Loblolly Pine
Pinus torreyana,PITO,Torrey Pine
Pinus virginiana,PIVI2,Virginia Pine
Piptatheropsis micrantha,PIMI,Littleseed Ricegrass
Piptatheropsis pungens,PIPU9,Mountain Ricegrass
Piscidia piscipula,PIPI3,Florida Fishpoison Tree
Pisonia aculeata,PIAC2,Pullback
Pisonia floridana,PIFL6,Rock Key Devil's-Claws
Pisonia sandwicensis,PISA5,Aulu
Pisonia umbellifera,PIUM2,Umbrella Catchbirdtree
Pithecellobium keyense,PIKE,Florida Keys Blackbead
Pithecellobium unguis-cati,PIUN,Catclaw Blackbead
Pittosporum confertiflorum,PICO4,Ho'awa
Pittosporum glabrum,PIGL4,Koolau Range Cheesewood
Pittosporum hawaiiense,PIHA4,Hawai'i Cheesewood
Pittosporum hosmeri,PIHO,Kona Cheesewood
Pityopsis aspera,PIAS2,Pineland Silkgrass
Pityopsis falcata,PIFA,Sickleleaf Silkgrass
Pityopsis graminifolia,PIGR4,Narrowleaf Silkgrass
Pityopsis pinifolia,PIPI4,Taylor County Goldaster
Plagiobothrys figuratus,PLFI,Fragrant Popcornflower
Plagiobothrys hispidus,PLHI3,Cascade Popcornflower
Plagiobothrys lithocaryus,PLLI,Mayacamas Popcornflower
Plagiobothrys nothofulvus,PLNO,Rusty Popcornflower
Plagiobothrys tenellus,PLTE,Pacific Popcornflower
Plagiobothrys torreyi,PLTO,Torrey's Popcornflower
Planera aquatica,PLAQ,Planertree
Plantago aristata,PLAR3,Largebracted Plantain
Plantago erecta,PLER3,Dotseed Plantain
Plantago helleri,PLHE,Heller's Plantain
Plantago hookeriana,PLHO,California Plantain
Plantago maritima,PLMA3,Goose Tongue
Plantago ovata,PLOV,Desert Indianwheat
Plantago patagonica,PLPA2,Woolly Plantain
Plantago pusilla,PLPU,Dwarf Plantain
Plantago rugelii,PLRU,Blackseed Plantain
Plantago virginica,PLVI,Virginia Plantain
Platanthera blephariglottis,PLBL,White Fringed Orchid
Platanthera ciliaris,PLCI2,Yellow Fringed Orchid
Platanthera cristata,PLCR,Crested Yellow Orchid
Platanthera grandiflora,PLGR2,Greater Purple Fringed Orchid
Platanthera integrilabia,PLIN6,White Fringeless Orchid
Platanthera lacera,PLLA2,Green Fringed Orchid
Platanthera leucophaea,PLLE2,Prairie White Fringed Orchid
Platanthera psycodes,PLPS2,Lesser Purple Fringed Orchid
Platanthera stricta,PLST4,Slender Bog Orchid
Platanus occidentalis,PLOC,American Sycamore
Platanus racemosa,PLRA,California Sycamore
Platanus wrightii,PLWR2,Arizona Sycamore
Platystemon californicus,PLCA5,Creamcups
Platystigma linearis,PLLI4,Narrowleaf Queen Poppy
Plectritis ciliosa,PLCI,Longspur Seablush
Plectritis congesta,PLCO4,Shortspur Seablush
Plectritis macrocera,PLMA4,Longhorn Plectritis
Pleuraphis jamesii,PLJA,James' Galleta
Pleuraphis mutica,PLMU3,Tobosagrass
Pleuraphis rigida,PLRI3,Big Galleta
Pluchea camphorata,PLCA7,Camphor Pluchea
Pluchea odorata,PLOD,Sweetscent
Pluchea sericea,PLSE,Arrowweed
Plumbago scandens,PLSC4,Doctorbush
Poa alpina,POAL2,Alpine Bluegrass
Poa alsodes,POAL3,Grove Bluegrass
Poa arctica,POAR2,Arctic Bluegrass
Poa autumnalis,POAU,Autumn Bluegrass
Poa chapmaniana,POCH2,Chapman's Bluegrass
Poa eminens,POEM,Largeflower Speargrass
Poa fendleriana,POFE,Muttongrass
Poa glauca,POGL,Glaucous Bluegrass
Poa laxa,POLA10,Mt. Washington Bluegrass
Poa leibergii,POLE,Leiberg's Bluegrass
Poa leptocoma,POLE2,Marsh Bluegrass
Poa macrantha,POMA26,Seashore Bluegrass
Poa nervosa,PONE2,Wheeler Bluegrass
Poa palustris,POPA2,Fowl Bluegrass
Poa saltuensis,POSA,Oldpasture Bluegrass
Poa secunda,POSE,Sandberg Bluegrass
Poa sylvestris,POSY,Woodland Bluegrass
Podistera nevadensis,PONE4,Nevada Podistera
Podophyllum peltatum,POPE,Mayapple
Polanisia tenuifolia,POTE8,Slenderleaf Clammyweed
Polemonium acutiflorum,POAC,Tall Jacob's-Ladder
Polemonium foliosissimum,POFO,Towering Jacob's-Ladder
Polemonium micranthum,POMI,Annual Polemonium
Polemonium occidentale,POOC2,Western Polemonium
Polemonium pauciflorum,POPA20,Fewflower Jacob's-Ladder
Polemonium pulcherrimum,POPU3,Jacob's-Ladder
Polemonium reptans,PORE2,Greek Valerian
Polemonium vanbruntiae,POVA5,Vanbrunt's Polemonium
Polemonium viscosum,POVI,Sticky Polemonium
Poliomintha incana,POIN3,Frosted Mint
Polygala grandiflora,POGR11,Showy Milkwort
Polygala sanguinea,POSA3,Purple Milkwort
Polygonatum biflorum,POBI2,Smooth Solomon's Seal
Polygonatum pubescens,POPU4,Hairy Solomon's Seal
Polygonum alpinum,POAL11,Alaska Wild Rhubarb
Polygonum amphibium,POAM8,Water Knotweed
Polygonum arifolium,POAR6,Halberdleaf Tearthumb
Polygonum bistortoides,POBI6,American Bistort
Polygonum careyi,POCA8,Carey's Smartweed
Polygonum davisiae,PODA,Davis' Knotweed
Polygonum douglasii,PODO4,Douglas' Knotweed
Polygonum glaucum,POGL7,Seaside Knotweed
Polygonum hydropiperoides,POHY2,Swamp Smartweed
Polygonum lapathifolium,POLA4,Curlytop Knotweed
Polygonum paronychia,POPA7,Beach Knotweed
Polygonum pensylvanicum,POPE2,Pennsylvania Smartweed
Polygonum phytolaccifolium,POPH,Poke Knotweed
Polygonum punctatum,POPU5,Dotted Smartweed
Polygonum sagittatum,POSA5,Arrowleaf Tearthumb
Polygonum scandens,POSC3,Climbing False Buckwheat
Polygonum setaceum,POSE6,Bog Smartweed
Polygonum viviparum,POVI3,Alpine Bistort
Polypodium glycyrrhiza,POGL8,Licorice Fern
Polystichum acrostichoides,POAC4,Christmas Fern
Polystichum munitum,POMU,Western Swordfern
Polytaenia nuttallii,PONU4,Nuttall's Prairie Parsley
Pomaria jamesii,POJA5,James' Holdback
Pontederia cordata,POCO14,Pickerelweed
Populus angustifolia,POAN3,Narrowleaf Cottonwood
Populus balsamifera,POBA2,Balsam Poplar
Populus deltoides,PODE3,Eastern Cottonwood
Populus fremontii,POFR2,Fremont Cottonwood
Populus grandidentata,POGR4,Bigtooth Aspen
Populus heterophylla,POHE4,Swamp Cottonwood
Populus tremuloides,POTR5,Quaking Aspen
Populus ×canadensis,POCA19,Carolina Poplar
Populus ×jackii,POJA2,Balm-Of-Gilead
Porophyllum gracile,POGR5,Slender Poreleaf
Portulaca lutea,POLU2,Native Yellow Purslane
Portulaca molokiniensis,POMO15,Ihi
Portulaca sclerocarpa,POSC9,Ihi Makole
Portulaca villosa,POVI8,Hairy Purslane
Potamogeton amplifolius,POAM5,Largeleaf Pondweed
Potamogeton diversifolius,PODI,Waterthread Pondweed
Potamogeton epihydrus,POEP2,Ribbonleaf Pondweed
Potamogeton foliosus,POFO3,Leafy Pondweed
Potamogeton gramineus,POGR8,Variableleaf Pondweed
Potamogeton natans,PONA4,Floating Pondweed
Potamogeton nodosus,PONO2,Longleaf Pondweed
Potamogeton praelongus,POPR5,Whitestem Pondweed
Potamogeton robbinsii,PORO2,Robbins' Pondweed
Potamogeton zosteriformis,POZO,Flatstem Pondweed
Potentilla arguta,POAR7,Tall Cinquefoil
Potentilla canadensis,POCA17,Dwarf Cinquefoil
Potentilla diversifolia,PODI2,Varileaf Cinquefoil
Potentilla drummondii,PODR,Drummond's Cinquefoil
Potentilla fissa,POFI3,Bigflower Cinquefoil
Potentilla flabellifolia,POFL3,High Mountain Cinquefoil
Potentilla glandulosa,POGL9,Sticky Cinquefoil
Potentilla gracilis,POGR9,Slender Cinquefoil
Potentilla grayi,POGR20,Gray's Cinquefoil
Potentilla hippiana,POHI6,Woolly Cinquefoil
Potentilla nana,PONA6,Arctic Cinquefoil
Potentilla nivea,PONI2,Snow Cinquefoil
Potentilla norvegica,PONO3,Norwegian Cinquefoil
Potentilla pensylvanica,POPE8,Pennsylvania Cinquefoil
Potentilla plattensis,POPL,Platte River Cinquefoil
Potentilla pulcherrima,POPU9,Beautiful Cinquefoil
Potentilla simplex,POSI2,Common Cinquefoil
Potentilla thurberi,POTH2,Scarlet Cinquefoil
Potentilla villosa,POVI4,Villous Cinquefoil
Prenanthes aspera,PRAS,Rough Rattlesnakeroot
Prenanthes crepidinea,PRCR,Nodding Rattlesnakeroot
Prenanthes trifoliolata,PRTR,Gall Of The Earth
Primula cusickiana,PRCU2,Cusick's Primrose
Primula incana,PRIN,Silvery Primrose
Pritchardia affinis,PRAF,Hawai'i Pritchardia
Priva lappulacea,PRLA2,Catstongue
Proboscidea louisianica,PRLO,Ram's Horn
Prosartes hookeri,PRHO2,Drops-Of-Gold
Prosartes smithii,PRSM,Largeflower Fairybells
Prosopis glandulosa,PRGL2,Honey Mesquite
Prosopis pubescens,PRPU,Screwbean Mesquite
Prosopis reptans,PRRE2,Tornillo
Prosopis velutina,PRVE,Velvet Mesquite
Prunella vulgaris,PRVU,Common Selfheal
Prunus alleghaniensis,PRAL5,Allegheny Plum
Prunus americana,PRAM,American Plum
Prunus andersonii,PRAN2,Desert Peach
Prunus angustifolia,PRAN3,Chickasaw Plum
Prunus caroliniana,PRCA,Carolina Laurelcherry
Prunus emarginata,PREM,Bitter Cherry
Prunus fasciculata,PRFA,Desert Almond
Prunus gracilis,PRGR,Oklahoma Plum
Prunus havardii,PRHA,Havard's Plum
Prunus hortulana,PRHO,Hortulan Plum
Prunus ilicifolia,PRIL,Hollyleaf Cherry
Prunus maritima,PRMA2,Beach Plum
Prunus mexicana,PRME,Mexican Plum
Prunus minutiflora,PRMI2,Texas Almond
Prunus munsoniana,PRMU,Wild Goose Plum
Prunus nigra,PRNI,Canadian Plum
Prunus pensylvanica,PRPE2,Pin Cherry
Prunus pumila,PRPU3,Sandcherry
Prunus rivularis,PRRI,Creek Plum
Prunus serotina,PRSE2,Black Cherry
Prunus subcordata,PRSU2,Klamath Plum
Prunus susquehanae,PRSU3,Sesquehana Sandcherry
Prunus texana,PRTE,Peachbush
Prunus umbellata,PRUM,Hog Plum
Prunus virginiana,PRVI,Chokecherry
Pseudobahia heermannii,PSHE,Foothill Sunburst
Pseudocymopterus montanus,PSMO,Alpine False Springparsley
Pseudognaphalium biolettii,PSBI3,Two-Color Rabbit-Tobacco
Pseudognaphalium canescens,PSCA11,Wright's Cudweed
Pseudognaphalium macounii,PSMA11,Macoun's Cudweed
Pseudognaphalium obtusifolium,PSOB3,Rabbit-Tobacco
Pseudognaphalium stramineum,PSST7,Cottonbatting Plant
Pseudognaphalium viscosum,PSVI4,Winged Cudweed
Pseudoroegneria spicata,PSSP6,Bluebunch Wheatgrass
Pseudotsuga macrocarpa,PSMA,Bigcone Douglas-Fir
Pseudotsuga menziesii,PSME,Douglas-Fir
Psilactis asteroides,PSAS2,New Mexico Tansyaster
Psilactis tenuis,PSTE6,Slender Tansyaster
Psilostrophe cooperi,PSCO2,Whitestem Paperflower
Psilostrophe sparsiflora,PSSP,Greenstem Paperflower
Psoralidium lanceolatum,PSLA3,Lemon Scurfpea
Psoralidium tenuiflorum,PSTE5,Slimflower Scurfpea
Psorothamnus arborescens,PSAR4,Mojave Indigobush
Psorothamnus emoryi,PSEM,Dyebush
Psorothamnus fremontii,PSFR,Fremont's Dalea
Psorothamnus polydenius,PSPO,Nevada Dalea
Psorothamnus schottii,PSSC5,Schott's Dalea
Psorothamnus scoparius,PSSC6,Broom Dalea
Psorothamnus spinosus,PSSP3,Smoketree
Psorothamnus thompsoniae,PSTH,Thompson's Dalea
Psychotria greenwelliae,PSGR3,Kauai Wild Coffee
Psychotria mariniana,PSMA6,Forest Wild Coffee
Psychotria mauiensis,PSMA7,Opiko
Psychotria nervosa,PSNE,Seminole Balsamo
Psydrax odorata,PSOD,Alahe'e
Ptelea crenulata,PTCR3,California Hoptree
Ptelea trifoliata,PTTR,Common Hoptree
Pteridium aquilinum,PTAQ,Western Brackenfern
Pterocaulon virgatum,PTVI2,Wand Blackroot
Pteryxia hendersonii,PTHE,Henderson's Wavewing
Pteryxia petraea,PTPE,Rockloving Wavewing
Pteryxia terebinthina,PTTE,Turpentine Wavewing
Ptilagrostis kingii,PTKI,Sierra False Needlegrass
Ptilimnium capillaceum,PTCA,Herbwilliam
Puccinellia fasciculata,PUFA,Saltmarsh Alkaligrass
Puccinellia nuttalliana,PUNU2,Nuttall's Alkaligrass
Puccinellia pumila,PUPU3,Dwarf Alkaligrass
Pulsatilla patens,PUPA5,Eastern Pasqueflower
Purshia glandulosa,PUGL2,Desert Bitterbrush
Purshia mexicana,PUME,Mexican Cliffrose
Purshia stansburiana,PUST,Stansbury Cliffrose
Purshia tridentata,PUTR2,Antelope Bitterbrush
Purshia ×subintegra,PUSU2,Arizona Cliffrose
Pycnanthemum albescens,PYAL,Whiteleaf Mountainmint
Pycnanthemum californicum,PYCA,Sierra Mint
Pycnanthemum flexuosum,PYFL,Appalachian Mountainmint
Pycnanthemum incanum,PYIN,Hoary Mountainmint
Pycnanthemum muticum,PYMU,Clustered Mountainmint
Pycnanthemum tenuifolium,PYTE,Narrowleaf Mountain Mint
Pycnanthemum torrei,PYTO,Torrey's Mountainmint
Pycnanthemum verticillatum,PYVE,Whorled Mountainmint
Pycnanthemum virginianum,PYVI,Virginia Mountain Mint
Pyrola americana,PYAM,American Wintergreen
Pyrola asarifolia,PYAS,Liverleaf Wintergreen
Pyrola chlorantha,PYCH,Greenflowered Wintergreen
Pyrola elliptica,PYEL,Waxflower Shinleaf
Pyrola picta,PYPI2,Whiteveined Wintergreen
Pyrrhopappus carolinianus,PYCA2,Carolina Desert-Chicory
Pyrrhopappus grandiflorus,PYGR2,Tuberous Desert-Chicory
Pyrrhopappus pauciflorus,PYPA4,Smallflower Desert-Chicory
Pyrrocoma apargioides,PYAP2,Alpineflames
Pyrrocoma crocea,PYCR2,Curlyhead Goldenweed
Pyxidanthera barbulata,PYBA,Flowering Pixiemoss
Quercus agrifolia,QUAG,California Live Oak
Quercus ajoensis,QUAJ,Ajo Mountain Scrub Oak
Quercus alba,QUAL,White Oak
Quercus arizonica,QUAR,Arizona White Oak
Quercus bicolor,QUBI,Swamp White Oak
Quercus chapmanii,QUCH,Chapman Oak
Quercus chihuahuensis,QUCH4,Chihuahuan Oak
Quercus chrysolepis,QUCH2,Canyon Live Oak
Quercus coccinea,QUCO2,Scarlet Oak
Quercus douglasii,QUDO,Blue Oak
Quercus dumosa,QUDU,Coastal Sage Scrub Oak
Quercus durata,QUDU4,Leather Oak
Quercus emoryi,QUEM,Emory Oak
Quercus engelmannii,QUEN,Engelmann Oak
Quercus falcata,QUFA,Southern Red Oak
Quercus fusiformis,QUFU,Texas Live Oak
Quercus gambelii,QUGA,Gambel Oak
Quercus garryana,QUGA4,Oregon White Oak
Quercus geminata,QUGE2,Sand Live Oak
Quercus grisea,QUGR3,Gray Oak
Quercus havardii,QUHA3,Havard Oak
Quercus hemisphaerica,QUHE2,Darlington Oak
Quercus hypoleucoides,QUHY,Silverleaf Oak
Quercus ilicifolia,QUIL,Bear Oak
Quercus imbricaria,QUIM,Shingle Oak
Quercus incana,QUIN,Bluejack Oak
Quercus inopina,QUIN7,Sandhill Oak
Quercus kelloggii,QUKE,California Black Oak
Quercus laevis,QULA2,Turkey Oak
Quercus laurifolia,QULA3,Laurel Oak
Quercus lobata,QULO,Valley Oak
Quercus lyrata,QULY,Overcup Oak
Quercus macrocarpa,QUMA2,Bur Oak
Quercus marilandica,QUMA3,Blackjack Oak
Quercus michauxii,QUMI,Swamp Chestnut Oak
Quercus mohriana,QUMO,Mohr Oak
Quercus montana,QUMO4,Chestnut Oak
Quercus muehlenbergii,QUMU,Chinquapin Oak
Quercus myrtifolia,QUMY,Myrtle Oak
Quercus nigra,QUNI,Water Oak
Quercus oblongifolia,QUOB,Mexican Blue Oak
Quercus pagoda,QUPA5,Cherrybark Oak
Quercus palmeri,QUPA10,Palmer Oak
Quercus palustris,QUPA2,Pin Oak
Quercus phellos,QUPH,Willow Oak
Quercus prinoides,QUPR,Dwarf Chinquapin Oak
Quercus pumila,QUPU80,Running Oak
Quercus rubra,QURU,Northern Red Oak
Quercus sadleriana,QUSA2,Deer Oak
Quercus shumardii,QUSH,Shumard's Oak
Quercus stellata,QUST,Post Oak
Quercus texana,QUTE,Nuttall Oak
Quercus turbinella,QUTU2,Sonoran Scrub Oak
Quercus vacciniifolia,QUVA,Huckleberry Oak
Quercus velutina,QUVE,Black Oak
Quercus virginiana,QUVI,Live Oak
Quercus wislizeni,QUWI2,Interior Live Oak
Quercus ×alvordiana,QUAL2,Alvord Oak
Quercus ×bebbiana,QUBE3,Hybrid Oak
Quercus ×pauciloba,QUPA4,Few-Lobed Oak
Quercus ×willdenowiana,QUWI,Hybrid Oak
Quincula lobata,QULO2,Chinese Lantern
Rafinesquia neomexicana,RANE,New Mexico Plumeseed
Raillardella argentea,RAAR,Silky Raillardella
Raillardella scaposa,RASC2,Stem Raillardella
Randia aculeata,RAAC,White Indigoberry
Randia rhagocarpa,RARH2,Crucillo
Ranunculus abortivus,RAAB,Littleleaf Buttercup
Ranunculus acriformis,RAAC2,Sharpleaf Buttercup
Ranunculus adoneus,RAAD,Alpine Buttercup
Ranunculus aestivalis,RAAE,Fall Buttercup
Ranunculus alismifolius,RAAL,Plantainleaf Buttercup
Ranunculus ambigens,RAAM,Waterplantain Spearwort
Ranunculus aquatilis,RAAQ,White Water Crowfoot
Ranunculus californicus,RACA2,California Buttercup
Ranunculus cymbalaria,RACY,Alkali Buttercup
Ranunculus eschscholtzii,RAES,Eschscholtz's Buttercup
Ranunculus fascicularis,RAFA,Early Buttercup
Ranunculus flabellaris,RAFL,Yellow Water Buttercup
Ranunculus flammula,RAFL2,Greater Creeping Spearwort
Ranunculus glaberrimus,RAGL,Sagebrush Buttercup
Ranunculus gmelinii,RAGM,Gmelin's Buttercup
Ranunculus hispidus,RAHI,Bristly Buttercup
Ranunculus hyperboreus,RAHY2,High Northern Buttercup
Ranunculus jovis,RAJO,Utah Buttercup
Ranunculus laxicaulis,RALA2,Mississippi Buttercup
Ranunculus lobbii,RALO,Lobb's Buttercup
Ranunculus longirostris,RALO2,Longbeak Buttercup
Ranunculus macounii,RAMA2,Macoun's Buttercup
Ranunculus macranthus,RAMA3,Large Buttercup
Ranunculus micranthus,RAMI2,Rock Buttercup
Ranunculus occidentalis,RAOC,Western Buttercup
Ranunculus orthorhynchus,RAOR3,Straightbeak Buttercup
Ranunculus pensylvanicus,RAPE2,Pennsylvania Buttercup
Ranunculus ranunculinus,RARA,Tadpole Buttercup
Ranunculus recurvatus,RARE2,Blisterwort
Ranunculus rhomboideus,RARH,Labrador Buttercup
Ranunculus sceleratus,RASC3,Cursed Buttercup
Ranunculus uncinatus,RAUN,Woodland Buttercup
Ratibida columnifera,RACO3,Mexican Hat
Ratibida pinnata,RAPI,Gray-Headed Coneflower
Ratibida tagetes,RATA,Green Prairie Coneflower
Rayjacksonia annua,RAAN2,Viscid Tansyaster
Reynoldsia sandwicensis,RESA,Ohe Makai
Rhabdadenia biflora,RHBI,Mangrovevine
Rhamnus alnifolia,RHAL,Alderleaf Buckthorn
Rhamnus crocea,RHCR,Redberry Buckthorn
Rhamnus ilicifolia,RHIL,Hollyleaf Redberry
Rhamnus lanceolata,RHLA,Lanceleaf Buckthorn
Rhexia alifanus,RHAL4,Savannah Meadowbeauty
Rhexia lutea,RHLU,Yellow Meadowbeauty
Rhexia virginica,RHVI,Handsome Harry
Rhizophora mangle,RHMA2,Red Mangrove
Rhodiola integrifolia,RHIN11,Ledge Stonecrop
Rhodiola rhodantha,RHRH4,Redpod Stonecrop
Rhodiola rosea,RHRO3,Roseroot Stonecrop
Rhododendron alabamense,RHAL5,Alabama Azalea
Rhododendron albiflorum,RHAL2,Cascade Azalea
Rhododendron arborescens,RHAR3,Smooth Azalea
Rhododendron atlanticum,RHAT,Dwarf Azalea
Rhododendron austrinum,RHAU,Orange Azalea
Rhododendron calendulaceum,RHCA4,Flame Azalea
Rhododendron canadense,RHCA6,Rhodora
Rhododendron canescens,RHCA7,Mountain Azalea
Rhododendron carolinianum,RHCA14,Carolina Azalea
Rhododendron catawbiense,RHCA8,Catawba Rosebay
Rhododendron chapmanii,RHCH5,Chapman's Rhododendron
Rhododendron flammeum,RHFL,Piedmont Azalea
Rhododendron lapponicum,RHLA2,Lapland Rosebay
Rhododendron macrophyllum,RHMA3,Pacific Rhododendron
Rhododendron maximum,RHMA4,Great Laurel
Rhododendron minus,RHMI2,Piedmont Rhododendron
Rhododendron oblongifolium,RHOB,Texas Azalea
Rhododendron occidentale,RHOC,Western Azalea
Rhododendron periclymenoides,RHPE4,Pink Azalea
Rhododendron prinophyllum,RHPR,Early Azalea
Rhododendron prunifolium,RHPR2,Plumleaf Azalea
Rhododendron vaseyi,RHVA,Pinkshell Azalea
Rhododendron viscosum,RHVI2,Swamp Azalea
Rhus aromatica,RHAR4,Fragrant Sumac
Rhus copallinum,RHCO,Winged Sumac
Rhus glabra,RHGL,Smooth Sumac
Rhus integrifolia,RHIN2,Lemonade Sumac
Rhus lanceolata,RHLA3,Prairie Sumac
Rhus microphylla,RHMI3,Littleleaf Sumac
Rhus ovata,RHOV,Sugar Sumac
Rhus sandwicensis,RHSA2,Neneleau
Rhus trilobata,RHTR,Skunkbush Sumac
Rhus typhina,RHTY,Staghorn Sumac
Rhus virens,RHVI3,Evergreen Sumac
Rhynchosia cinerea,RHCI3,Brownhair Snoutbean
Rhynchosia difformis,RHDI2,Doubleform Snoutbean
Rhynchosia minima,RHMI4,Least Snoutbean
Rhynchosia senna,RHSE4,Texas Snoutbean
Rhynchosia tomentosa,RHTO3,Twining Snoutbean
Rhynchospora alba,RHAL3,White Beaksedge
Rhynchospora capillacea,RHCA11,Needle Beaksedge
Rhynchospora capitellata,RHCA12,Brownish Beaksedge
Rhynchospora corniculata,RHCO2,Shortbristle Horned Beaksedge
Rhynchospora filifolia,RHFI,Threadleaf Beaksedge
Rhynchospora inundata,RHIN7,Narrowfruit Horned Beaksedge
Rhynchospora macrostachya,RHMA6,Tall Horned Beaksedge
Rhynchospora miliacea,RHMI5,Millet Beaksedge
Rhynchospora nitens,RHNI,Shortbeak Beaksedge
Rhynchospora scirpoides,RHSC5,Longbeak Beaksedge
Rhynchospora torreyana,RHTO4,Torrey's Beaksedge
Ribes acerifolium,RIAC,Mapleleaf Currant
Ribes amarum,RIAM,Bitter Gooseberry
Ribes americanum,RIAM2,American Black Currant
Ribes aureum,RIAU,Golden Currant
Ribes bracteosum,RIBR,Stink Currant
Ribes californicum,RICA,Hillside Gooseberry
Ribes cereum,RICE,Wax Currant
Ribes cruentum,RICR,Shinyleaf Currant
Ribes curvatum,RICU,Granite Gooseberry
Ribes cynosbati,RICY,Eastern Prickly Gooseberry
Ribes divaricatum,RIDI,Spreading Gooseberry
Ribes erythrocarpum,RIER,Crater Lake Currant
Ribes glandulosum,RIGL,Skunk Currant
Ribes hirtellum,RIHI,Hairystem Gooseberry
Ribes hudsonianum,RIHU,Northern Black Currant
Ribes indecorum,RIIN,Whiteflower Currant
Ribes inerme,RIIN2,Whitestem Gooseberry
Ribes lacustre,RILA,Prickly Currant
Ribes lasianthum,RILA2,Alpine Gooseberry
Ribes laxiflorum,RILA3,Trailing Black Currant
Ribes leptanthum,RILE,Trumpet Gooseberry
Ribes lobbii,RILO,Gummy Gooseberry
Ribes malvaceum,RIMA,Chaparral Currant
Ribes menziesii,RIME,Canyon Gooseberry
Ribes mescalerium,RIME2,Mescalero Currant
Ribes missouriense,RIMI,Missouri Gooseberry
Ribes montigenum,RIMO2,Gooseberry Currant
Ribes nevadense,RINE,Sierra Currant
Ribes niveum,RINI2,Snow Currant
Ribes oxyacanthoides,RIOX,Canadian Gooseberry
Ribes pinetorum,RIPI,Orange Gooseberry
Ribes quercetorum,RIQU,Rock Gooseberry
Ribes roezlii,RIRO,Sierra Gooseberry
Ribes rotundifolium,RIRO2,Appalachian Gooseberry
Ribes sanguineum,RISA,Redflower Currant
Ribes speciosum,RISP,Fuchsiaflower Gooseberry
Ribes triste,RITR,Red Currant
Ribes velutinum,RIVE,Desert Gooseberry
Ribes viburnifolium,RIVI,Island Gooseberry
Ribes viscosissimum,RIVI3,Sticky Currant
Ribes watsonianum,RIWA,Spring Gooseberry
Richardia scabra,RISC,Rough Mexican Clover
Rivina humilis,RIHU2,Rougeplant
Robinia hispida,ROHI,Bristly Locust
Robinia neomexicana,RONE,New Mexico Locust
Robinia pseudoacacia,ROPS,Black Locust
Robinia viscosa,ROVI,Clammy Locust
Romneya coulteri,ROCO,Coulter's Matilija Poppy
Rorippa curvisiliqua,ROCU,Curvepod Yellowcress
Rorippa palustris,ROPA2,Bog Yellowcress
Rorippa sessiliflora,ROSE,Stalkless Yellowcress
Rorippa sinuata,ROSI2,Spreading Yellowcress
Rorippa teres,ROTE2,Southern Marsh Yellowcress
Rosa acicularis,ROAC,Prickly Rose
Rosa arkansana,ROAR3,Prairie Rose
Rosa blanda,ROBL,Smooth Rose
Rosa californica,ROCA2,California Wildrose
Rosa carolina,ROCA4,Pasture Rose
Rosa foliolosa,ROFO,White Prairie Rose
Rosa gymnocarpa,ROGY,Dwarf Rose
Rosa minutifolia,ROMI80,Baja Rose
Rosa nitida,RONI,Shining Rose
Rosa nutkana,RONU,Nootka Rose
Rosa palustris,ROPA,Swamp Rose
Rosa pisocarpa,ROPI2,Cluster Rose
Rosa setigera,ROSE2,Climbing Rose
Rosa stellata,ROST,Desert Rose
Rosa virginiana,ROVI2,Virginia Rose
Rosa woodsii,ROWO,Woods' Rose
Roystonea regia,RORE2,Royal Palm
Rubus allegheniensis,RUAL,Allegheny Blackberry
Rubus alumnus,RUAL9,Oldfield Blackberry
Rubus arcticus,RUAR,Arctic Raspberry
Rubus arenicola,RUAR7,Sanddwelling Dewberry
Rubus argutus,RUAR2,Sawtooth Blackberry
Rubus arvensis,RUAR5,Field Blackberry
Rubus baileyanus,RUBA2,Bailey's Dewberry
Rubus bushii,RUBU2,Bush's Blackberry
Rubus canadensis,RUCA16,Smooth Blackberry
Rubus chamaemorus,RUCH,Cloudberry
Rubus cuneifolius,RUCU,Sand Blackberry
Rubus deliciosus,RUDE,Delicious Raspberry
Rubus elegantulus,RUEL2,Showy Blackberry
Rubus flagellaris,RUFL,Northern Dewberry
Rubus frondosus,RUFR4,Yankee Blackberry
Rubus glandicaulis,RUGL2,Glandstem Blackberry
Rubus hawaiensis,RUHA,Hawai'i Blackberry
Rubus hispidus,RUHI,Bristly Dewberry
Rubus idaeus,RUID,American Red Raspberry
Rubus junceus,RUJU2,Herbaceous Blackberry
Rubus kennedyanus,RUKE3,Kennedy's Blackberry
Rubus lasiococcus,RULA2,Roughfruit Berry
Rubus leucodermis,RULE,Whitebark Raspberry
Rubus lucidus,RULU,Manatee Dewberry
Rubus multiformis,RUMU3,Variable Blackberry
Rubus occidentalis,RUOC,Black Raspberry
Rubus odoratus,RUOD,Purpleflowering Raspberry
Rubus parviflorus,RUPA,Thimbleberry
Rubus pedatus,RUPE,Strawberryleaf Raspberry
Rubus pensilvanicus,RUPE3,Pennsylvania Blackberry
Rubus pergratus,RUPE6,Upland Blackberry
Rubus plicatifolius,RUPL,Plaitleaf Dewberry
Rubus provincialis,RUPR9,Groundberry
Rubus pubescens,RUPU,Dwarf Red Blackberry
Rubus pugnax,RUPU5,Pugnacious Blackberry
Rubus recurvans,RURE,Recurved Blackberry
Rubus recurvicaulis,RURE2,Arching Dewberry
Rubus regionalis,RURE3,Wisconsin Dewberry
Rubus riograndis,RURI,Rio Grande Dewberry
Rubus russeus,RURU2,Halifax Blackberry
Rubus semisetosus,RUSE3,Swamp Blackberry
Rubus setosus,RUSE,Setose Blackberry
Rubus spectabilis,RUSP,Salmonberry
Rubus trifrons,RUTR4,Threeleaflet Dewberry
Rubus trivialis,RUTR,Southern Dewberry
Rubus ursinus,RUUR,California Blackberry
Rubus vermontanus,RUVE5,Vermont Blackberry
Rubus vitifolius,RUVI4,Pacific Dewberry
Rubus wheeleri,RUWH2,Wheeler's Blackberry
Rudbeckia californica,RUCA3,California Coneflower
Rudbeckia fulgida,RUFU2,Orange Coneflower
Rudbeckia grandiflora,RUGR,Rough Coneflower
Rudbeckia hirta,RUHI2,Black-Eyed Susan
Rudbeckia laciniata,RULA3,Cutleaf Coneflower
Rudbeckia maxima,RUMA3,Great Coneflower
Rudbeckia missouriensis,RUMI,Missouri Coneflower
Rudbeckia nitida,RUNI3,Shiny Coneflower
Rudbeckia occidentalis,RUOC2,Western Coneflower
Rudbeckia subtomentosa,RUSU,Sweet Coneflower
Rudbeckia triloba,RUTR2,Browneyed Susan
Ruellia caroliniensis,RUCA4,Carolina Wild Petunia
Ruellia drummondiana,RUDR,Drummond's Wild Petunia
Ruellia humilis,RUHU,Fringeleaf Wild Petunia
Ruellia nudiflora,RUNU,Violet Wild Petunia
Ruellia occidentalis,RUOC4,Western Wild Petunia
Ruellia strepens,RUST2,Limestone Wild Petunia
Rumex altissimus,RUAL4,Pale Dock
Rumex aquaticus,RUAQ,Western Dock
Rumex arcticus,RUAR6,Arctic Dock
Rumex densiflorus,RUDE2,Denseflowered Dock
Rumex giganteus,RUGI,Pawale
Rumex hastatulus,RUHA2,Heartwing Sorrel
Rumex hymenosepalus,RUHY,Canaigre Dock
Rumex maritimus,RUMA4,Golden Dock
Rumex orbiculatus,RUOR2,Greater Water Dock
Rumex pallidus,RUPA4,Seaside Dock
Rumex paucifolius,RUPA6,Alpine Sheep Sorrel
Rumex salicifolius,RUSA,Willow Dock
Rumex skottsbergii,RUSK,Lava Dock
Rumex venosus,RUVE2,Veiny Dock
Rumex verticillatus,RUVE3,Swamp Dock
Rupertia physodes,RUPH3,Forest Scurfpea
Ruppia maritima,RUMA5,Widgeongrass
Sabal etonia,SAET,Scrub Palmetto
Sabal mexicana,SAME8,Rio Grande Palmetto
Sabal minor,SAMI8,Dwarf Palmetto
Sabal palmetto,SAPA,Cabbage Palmetto
Sabatia angularis,SAAN,Rosepink
Sabatia campestris,SACA3,Texas Star
Saccharum alopecuroides,SAAL21,Silver Plumegrass
Saccharum brevibarbe,SABR18,Shortbeard Plumegrass
Saccharum giganteum,SAGI,Sugarcane Plumegrass
Sacciolepis striata,SAST,American Cupscale
Sagina decumbens,SADE,Trailing Pearlwort
Sagina saginoides,SASA,Arctic Pearlwort
Sagittaria cuneata,SACU,Arumleaf Arrowhead
Sagittaria engelmanniana,SAEN,Engelmann's Arrowhead
Sagittaria latifolia,SALA2,Broadleaf Arrowhead
Sagittaria platyphylla,SAPL,Delta Arrowhead
Sairocarpus coulterianus,SACO13,Coulter's Snapdragon
Sairocarpus multiflorus,SAMU2,Sierra Snapdragon
Salazaria mexicana,SAME,Mexican Bladdersage
Salicornia bigelovii,SABI,Dwarf Saltwort
Salicornia depressa,SADE10,Virginia Glasswort
Salicornia rubra,SARU,Red Swampfire
Salix alaxensis,SAAL,Feltleaf Willow
Salix amygdaloides,SAAM2,Peachleaf Willow
Salix arbusculoides,SAAR3,Littletree Willow
Salix arctica,SAAR27,Arctic Willow
Salix arctophila,SAAR6,Northern Willow
Salix argyrocarpa,SAAR7,Labrador Willow
Salix barclayi,SABA3,Barclay's Willow
Salix bebbiana,SABE2,Bebb Willow
Salix bonplandiana,SABO,Bonpland Willow
Salix boothii,SABO2,Booth's Willow
Salix brachycarpa,SABR,Shortfruit Willow
Salix breweri,SABR2,Brewer's Willow
Salix calcicola,SACA37,Woolly Willow
Salix candida,SACA4,Sageleaf Willow
Salix caroliniana,SACA5,Coastal Plain Willow
Salix commutata,SACO2,Undergreen Willow
Salix cordata,SACO3,Heartleaf Willow
Salix discolor,SADI,Pussy Willow
Salix drummondiana,SADR,Drummond's Willow
Salix eriocephala,SAER,Missouri River Willow
Salix exigua,SAEX,Narrowleaf Willow
Salix fuscescens,SAFU,Alaska Bog Willow
Salix geyeriana,SAGE2,Geyer Willow
Salix glauca,SAGL,Grayleaf Willow
Salix gooddingii,SAGO,Goodding's Willow
Salix herbacea,SAHE2,Snowbed Willow
Salix hookeriana,SAHO,Dune Willow
Salix humilis,SAHU2,Prairie Willow
Salix interior,SAIN3,Sandbar Willow
Salix jepsonii,SAJE,Jepson's Willow
Salix laevigata,SALA3,Red Willow
Salix lasiolepis,SALA6,Arroyo Willow
Salix lemmonii,SALE,Lemmon's Willow
Salix ligulifolia,SALI,Strapleaf Willow
Salix lucida,SALU,Shining Willow
Salix lutea,SALU2,Yellow Willow
Salix maccalliana,SAMA12,Mccall'as Willow
Salix monticola,SAMO2,Park Willow
Salix myricoides,SAMY2,Bayberry Willow
Salix myrtillifolia,SAMY,Blueberry Willow
Salix nigra,SANI,Black Willow
Salix niphoclada,SANI10,Barrenground Willow
Salix nivalis,SANI8,Snow Willow
Salix orestera,SAOR,Sierra Willow
Salix pedicellaris,SAPE2,Bog Willow
Salix pellita,SAPE3,Satiny Willow
Salix petiolaris,SAPE5,Meadow Willow
Salix planifolia,SAPL2,Diamondleaf Willow
Salix prolixa,SAPR3,Mackenzie's Willow
Salix pyrifolia,SAPY,Balsam Willow
Salix reticulata,SARE2,Netleaf Willow
Salix richardsonii,SARI4,Richardson's Willow
Salix scouleriana,SASC,Scouler's Willow
Salix sericea,SASE,Silky Willow
Salix serissima,SASE2,Autumn Willow
Salix sessilifolia,SASE3,Northwest Sandbar Willow
Salix sitchensis,SASI2,Sitka Willow
Salix taxifolia,SATA,Yewleaf Willow
Salix uva-ursi,SAUV,Bearberry Willow
Saltugilia caruifolia,SACA51,Carawayleaf Gilia
Salvia apiana,SAAP2,White Sage
Salvia arizonica,SAAR8,Desert Indigo Sage
Salvia azurea,SAAZ,Azure Blue Sage
Salvia carduacea,SACA8,Thistle Sage
Salvia clevelandii,SACL,Fragrant Sage
Salvia coccinea,SACO5,Blood Sage
Salvia columbariae,SACO6,Chia
Salvia dorrii,SADO4,Purple Sage
Salvia engelmannii,SAEN2,Engelmann's Sage
Salvia farinacea,SAFA2,Mealycup Sage
Salvia funerea,SAFU2,Woolly Sage
Salvia greggii,SAGR4,Autumn Sage
Salvia lemmonii,SALE5,Lemmon's Sage
Salvia leucophylla,SALE3,San Luis Purple Sage
Salvia lyrata,SALY2,Lyreleaf Sage
Salvia mellifera,SAME3,Black Sage
Salvia mohavensis,SAMO3,Mojave Sage
Salvia pachyphylla,SAPA5,Blue Sage
Salvia penstemonoides,SAPE6,Big Red Sage
Salvia reflexa,SARE3,Lanceleaf Sage
Salvia regla,SARE4,Mountain Sage
Salvia sonomensis,SASO,Creeping Sage
Salvia spathacea,SASP3,Hummingbird Sage
Salvia texana,SATE3,Texas Sage
Salvia whitehousei,SAWH2,Clustered Sage
Sambucus nigra,SANI4,Black Elderberry
Sambucus racemosa,SARA2,Red Elderberry
Samolus valerandi,SAVA3,Seaside Brookweed
Sanguinaria canadensis,SACA13,Bloodroot
Sanguisorba annua,SAAN2,Prairie Burnet
Sanicula arctopoides,SAAR9,Footsteps Of Spring
Sanicula bipinnatifida,SABI3,Purple Sanicle
Sanicula canadensis,SACA15,Canadian Blacksnakeroot
Sanicula crassicaulis,SACR2,Pacific Blacksnakeroot
Sanicula graveolens,SAGR5,Northern Sanicle
Sanicula laciniata,SALA7,Coastal Blacksnakeroot
Sanicula marilandica,SAMA2,Maryland Sanicle
Sanicula odorata,SAOD,Clustered Blacksnakeroot
Sanicula smallii,SASM,Small's Blacksnakeroot
Sanicula tuberosa,SATU,Turkey Pea
Santalum freycinetianum,SAFR4,Forest Sandalwood
Santalum paniculatum,SAPA7,Mountain Sandalwood
Sapindus oahuense,SAOA3,Lonomea
Sapindus saponaria,SASA4,Wingleaf Soapberry
Sarcobatus vermiculatus,SAVE4,Greasewood
Sarcocornia perennis,SAPE11,Chickenclaws
Sarcodes sanguinea,SASA5,Snowplant
Sarracenia alata,SAAL4,Yellow Trumpets
Sarracenia flava,SAFL4,Yellow Pitcherplant
Sarracenia leucophylla,SALE4,Crimson Pitcherplant
Sarracenia minor,SAMI9,Hooded Pitcherplant
Sarracenia psittacina,SAPS2,Parrot Pitcherplant
Sarracenia purpurea,SAPU4,Purple Pitcherplant
Sarracenia rubra,SARU4,Sweet Pitcherplant
Sassafras albidum,SAAL5,Sassafras
Saururus cernuus,SACE,Lizard's Tail
Saxifraga bronchialis,SABR6,Yellowdot Saxifrage
Saxifraga californica,SACA18,California Saxifrage
Saxifraga integrifolia,SAIN4,Wholeleaf Saxifrage
Saxifraga odontoloma,SAOD2,Brook Saxifrage
Saxifraga oppositifolia,SAOP,Purple Mountain Saxifrage
Saxifraga oregana,SAOR2,Oregon Saxifrage
Saxifraga tricuspidata,SATR5,Three Toothed Saxifrage
Scabrethia scabra,SCSC15,Badlands Mule-Ears
Scaevola chamissoniana,SCCH3,Naupaka Kuahiwi
Scaevola coriacea,SCCO7,Dwarf Naupaka
Scaevola gaudichaudiana,SCGA2,Mountain Naupaka
Scaevola kilaueae,SCKI,Huahekili Uka
Scaevola sericea,SCSE6,Beach Naupaka
Schizachne purpurascens,SCPU,False Melic
Schizachyrium littorale,SCLI11,Shore Little Bluestem
Schizachyrium scoparium,SCSC,Little Bluestem
Schizachyrium tenerum,SCTE5,Slender Little Bluestem
Schoenocrambe linifolia,SCLI,Flaxleaf Plainsmustard
Schoenoplectus acutus,SCAC3,Hardstem Bulrush
Schoenoplectus californicus,SCCA11,California Bulrush
Schoenoplectus heterochaetus,SCHE5,Slender Bulrush
Schoenoplectus pungens,SCPU10,Common Threesquare
Schoenoplectus tabernaemontani,SCTA2,Softstem Bulrush
Schoepfia schreberi,SCSC3,Gulf Graytwig
Scirpus atrovirens,SCAT2,Green Bulrush
Scirpus cyperinus,SCCY,Woolgrass
Scirpus georgianus,SCGE2,Georgia Bulrush
Scirpus microcarpus,SCMI2,Panicled Bulrush
Scirpus pallidus,SCPA8,Cloaked Bulrush
Scirpus pedicellatus,SCPE3,Stalked Bulrush
Scirpus pendulus,SCPE4,Rufous Bulrush
Sclerocactus brevispinus,SCBR12,Pariette Cactus
Sclerocactus glaucus,SCGL3,Colorado Hookless Cactus
Sclerocactus mesae-verdae,SCME4,Mesa Verde Fishhook Cactus
Sclerocactus polyancistrus,SCPO4,Redspined Fishhook Cactus
Sclerocactus whipplei,SCWH,Whipple's Fishhook Cactus
Sclerocactus wrightiae,SCWR,Wright's Fishhook Cactus
Scolochloa festucacea,SCFE,Common Rivergrass
Scrophularia californica,SCCA2,California Figwort
Scrophularia lanceolata,SCLA,Lanceleaf Figwort
Scrophularia marilandica,SCMA2,Carpenter's Square
Scrophularia montana,SCMO4,Mountain Figwort
Scrophularia nodosa,SCNO2,Woodland Figwort
Scutellaria antirrhinoides,SCAN4,Nose Skullcap
Scutellaria galericulata,SCGA,Marsh Skullcap
Scutellaria incana,SCIN,Hoary Skullcap
Scutellaria lateriflora,SCLA2,Blue Skullcap
Scutellaria ovata,SCOV,Heartleaf Skullcap
Scutellaria parvula,SCPA7,Small Skullcap
Sebastiania bilocularis,SEBI9,Arrow Poision Plant
Sedella pumila,SEPU4,Sierra Mock Stonecrop
Sedum debile,SEDE,Orpine Stonecrop
Sedum glaucophyllum,SEGL3,Cliff Stonecrop
Sedum lanceolatum,SELA,Spearleaf Stonecrop
Sedum obtusatum,SEOB,Sierra Stonecrop
Sedum oregonense,SEOR2,Cream Stonecrop
Sedum spathulifolium,SESP,Broadleaf Stonecrop
Sedum stenopetalum,SEST2,Wormleaf Stonecrop
Sedum ternatum,SETE3,Woodland Stonecrop
Selaginella wallacei,SEWA,Wallace's Spikemoss
Selenia aurea,SEAU,Golden Selenia
Senecio amplectens,SEAM,Showy Alpine Ragwort
Senecio ampullaceus,SEAM2,Texas Ragwort
Senecio aronicoides,SEAR4,Rayless Ragwort
Senecio atratus,SEAT,Tall Blacktip Ragwort
Senecio bigelovii,SEBI2,Nodding Ragwort
Senecio blochmaniae,SEBL,Dune Ragwort
Senecio californicus,SECA,California Ragwort
Senecio clarkianus,SECL,Clark's Ragwort
Senecio congestus,SECO2,Marsh Fleabane
Senecio crassulus,SECR,Thickleaf Ragwort
Senecio eremophilus,SEER2,Desert Ragwort
Senecio flaccidus,SEFL3,Threadleaf Ragwort
Senecio fremontii,SEFR3,Dwarf Mountain Ragwort
Senecio hydrophiloides,SEHY,Tall Groundsel
Senecio integerrimus,SEIN2,Lambstongue Ragwort
Senecio lemmonii,SELE8,Lemmon's Ragwort
Senecio lugens,SELU,Small Blacktip Ragwort
Senecio multidentatus,SEMU9,Huachuca Mountain Ragwort
Senecio parryi,SEPA2,Mountain Ragwort
Senecio pattersonensis,SEPA3,Mono Ragwort
Senecio pseudoarnica,SEPS,Seaside Ragwort
Senecio riddellii,SERI2,Riddell's Ragwort
Senecio scorzonella,SESC,Sierra Ragwort
Senecio serra,SESE2,Tall Ragwort
Senecio soldanella,SESO,Colorado Ragwort
Senecio spartioides,SESP3,Broom-Like Ragwort
Senecio taraxacoides,SETA,Dandelion Ragwort
Senecio triangularis,SETR,Arrowleaf Ragwort
Senecio warnockii,SEWA3,Warnock's Ragwort
Senecio wootonii,SEWO,Wooton's Ragwort
Senna armata,SEAR8,Desertsenna
Senna bauhinioides,SEBA3,Twinleaf Senna
Senna covesii,SECO10,Coues' Cassia
Senna hebecarpa,SEHE3,American Senna
Senna hirsuta,SEHI2,Woolly Senna
Senna ligustrina,SELI9,Privet Senna
Senna lindheimeriana,SELI4,Velvet Leaf Senna
Senna marilandica,SEMA11,Maryland Senna
Senna obtusifolia,SEOB4,Java-Bean
Senna pilosior,SEPI3,Trans-Pecos Senna
Senna pumilio,SEPU13,Dwarf Senna
Senna roemeriana,SERO8,Twoleaf Senna
Senna wislizeni,SEWI3,Wislizenus' Senna
Sequoia sempervirens,SESE3,Redwood
Sequoiadendron giganteum,SEGI2,Giant Sequoia
Serenoa repens,SERE2,Saw Palmetto
Sericocarpus asteroides,SEAS3,Toothed Whitetop Aster
Sericocarpus linifolius,SELI5,Narrowleaf Whitetop Aster
Sericocarpus oregonensis,SEOR6,Oregon Whitetop Aster
Sericocarpus tortifolius,SETO7,Dixie Whitetop Aster
Sesbania herbacea,SEHE8,Bigpod Sesbania
Sesbania tomentosa,SETO3,Oahu Riverhemp
Sesbania vesicaria,SEVE,Bagpod
Sesuvium portulacastrum,SEPO2,Shoreline Seapurslane
Sesuvium verrucosum,SEVE2,Verrucose Seapurslane
Setaria vulpiseta,SEVU2,Plains Bristlegrass
Seymeria cassioides,SECA4,Yaupon Blacksenna
Seymeria pectinata,SEPE2,Piedmont Blacksenna
Shepherdia argentea,SHAR,Silver Buffaloberry
Shepherdia canadensis,SHCA,Russet Buffaloberry
Sibara virginica,SIVI2,Virginia Winged Rockcress
Sibbaldiopsis tridentata,SITR3,Shrubby Fivefingers
Sicyos angulatus,SIAN,Oneseed Bur Cucumber
Sida acuta,SIAC3,Common Wireweed
Sida cordifolia,SICO,Â€˜Ilima
Sida rhombifolia,SIRH,Cuban Jute
Sida spinosa,SISP,Prickly Fanpetals
Sidalcea calycosa,SICA,Annual Checkerbloom
Sidalcea campestris,SICA2,Meadow Checkerbloom
Sidalcea candida,SICA3,White Checkerbloom
Sidalcea cusickii,SICU,Cusick's Checkerbloom
Sidalcea glaucescens,SIGL2,Waxy Checkerbloom
Sidalcea hendersonii,SIHE4,Henderson's Checkerbloom
Sidalcea hickmanii,SIHI,Chaparral Checkerbloom
Sidalcea hirtipes,SIHI3,Bristlystem Checkerbloom
Sidalcea malviflora,SIMA2,Dwarf Checkerbloom
Sidalcea neomexicana,SINE3,Salt Spring Checkerbloom
Sidalcea oregana,SIOR,Oregon Checkerbloom
Sidalcea reptans,SIRE,Sierra Checkerbloom
Sideroxylon celastrinum,SICE2,Saffron Plum
Sideroxylon foetidissimum,SIFO,False Mastic
Sideroxylon lanuginosum,SILA20,Gum Bully
Sideroxylon lycioides,SILY,Buckthorn Bully
Sideroxylon reclinatum,SIRE8,Florida Bully
Sideroxylon salicifolium,SISA6,White Bully
Sideroxylon tenax,SITE2,Tough Bully
Silene acaulis,SIAC,Moss Campion
Silene antirrhina,SIAN2,Sleepy Silene
Silene californica,SICA4,Indian Pink
Silene campanulata,SICA5,Red Mountain Catchfly
Silene caroliniana,SICA6,Sticky Catchfly
Silene douglasii,SIDO,Douglas's Catchfly
Silene hookeri,SIHO,Hooker's Silene
Silene involucrata,SIIN4,Arctic Catchfly
Silene laciniata,SILA2,Cardinal Catchfly
Silene nivea,SINI,Evening Campion
Silene regia,SIRE2,Royal Catchfly
Silene rotundifolia,SIRO4,Roundleaf Catchfly
Silene scouleri,SISC7,Simple Campion
Silene spaldingii,SISP2,Spalding's Silene
Silene stellata,SIST,Widowsfrill
Silene subciliata,SISU3,Louisiana Catchfly
Silene uralensis,SIUR,Apetalous Catchfly
Silene virginica,SIVI4,Fire Pink
Silphium albiflorum,SIAL,White Rosinweed
Silphium asteriscus,SIAS2,Starry Rosinweed
Silphium compositum,SICO5,Kidneyleaf Rosinweed
Silphium gracile,SIGR4,Slender Rosinweed
Silphium integrifolium,SIIN2,Wholeleaf Rosinweed
Silphium laciniatum,SILA3,Compassplant
Silphium perfoliatum,SIPE2,Cup Plant
Silphium radula,SIRA2,Roughstem Rosinweed
Silphium terebinthinaceum,SITE,Prairie Rosinweed
Silphium trifoliatum,SITR7,Whorled Rosinweed
Simarouba glauca,SIGL3,Paradisetree
Simmondsia chinensis,SICH,Jojoba
Simsia calva,SICA7,Awnless BushSunflower
Sisyrinchium albidum,SIAL3,White Blue-Eyed Grass
Sisyrinchium angustifolium,SIAN3,Narrowleaf Blue-Eyed Grass
Sisyrinchium atlanticum,SIAT,Eastern Blue-Eyed Grass
Sisyrinchium bellum,SIBE,Western Blue-Eyed Grass
Sisyrinchium campestre,SICA9,Prairie Blue-Eyed Grass
Sisyrinchium fuscatum,SIFU2,Coastal Plain Blue-Eyed Grass
Sisyrinchium idahoense,SIID,Idaho Blue-Eyed Grass
Sisyrinchium montanum,SIMO2,Strict Blue-Eyed Grass
Sisyrinchium mucronatum,SIMU3,Needletip Blue-Eyed Grass
Sium suave,SISU2,Hemlock Waterparsnip
Smallanthus uvedalius,SMUV,Hairy Leafcup
Smelowskia calycina,SMCA,Alpine Smelowskia
Smilax bona-nox,SMBO2,Saw Greenbrier
Smilax californica,SMCA2,California Greenbrier
Smilax glauca,SMGL,Cat Greenbrier
Smilax herbacea,SMHE,Smooth Carrionflower
Smilax laurifolia,SMLA,Laurel Greenbrier
Smilax melastomifolia,SMME,Hawai'i Greenbrier
Smilax rotundifolia,SMRO,Roundleaf Greenbrier
Smilax smallii,SMSM,Lanceleaf Greenbrier
Smilax tamnoides,SMTA2,Bristly Greenbrier
Smilax walteri,SMWA,Coral Greenbrier
Solanum americanum,SOAM,American Black NightSheet
Solanum douglasii,SODO,Greenspot NightSheet
Solanum erianthum,SOER2,Potatotree
Solanum ptycanthum,SOPT7,West Indian NightSheet
Solanum umbelliferum,SOUM,Bluewitch NightSheet
Solanum wallacei,SOWA,Catalina NightSheet
Solanum xanti,SOXA,Chaparral NightSheet
Solidago altissima,SOAL6,Canada Goldenrod
Solidago arguta,SOAR,Atlantic Goldenrod
Solidago bicolor,SOBI,White Goldenrod
Solidago caesia,SOCA4,Wreath Goldenrod
Solidago californica,SOCA5,California Goldenrod
Solidago canadensis,SOCA6,Canada Goldenrod
Solidago curtisii,SOCU,Mountain Decumbent Goldenrod
Solidago cutleri,SOCU2,Cutler's Alpine Goldenrod
Solidago erecta,SOER,Showy Goldenrod
Solidago fistulosa,SOFI,Pine Barren Goldenrod
Solidago flexicaulis,SOFL2,Zigzag Goldenrod
Solidago gigantea,SOGI,Giant Goldenrod
Solidago hispida,SOHI,Hairy Goldenrod
Solidago juliae,SOJU2,Juli'as Goldenrod
Solidago juncea,SOJU,Early Goldenrod
Solidago latissimifolia,SOLA4,Elliott's Goldenrod
Solidago leavenworthii,SOLE5,Leavenworth's Goldenrod
Solidago macrophylla,SOMA4,Largeleaf Goldenrod
Solidago missouriensis,SOMI2,Missouri Goldenrod
Solidago mollis,SOMO,Velvety Goldenrod
Solidago multiradiata,SOMU,Rocky Mountain Goldenrod
Solidago nemoralis,SONE,Gray Goldenrod
Solidago odora,SOOD,Anisescented Goldenrod
Solidago patula,SOPA2,Roundleaf Goldenrod
Solidago petiolaris,SOPE,Downy Ragged Goldenrod
Solidago pinetorum,SOPI,Small's Goldenrod
Solidago puberula,SOPU,Downy Goldenrod
Solidago radula,SORA,Western Rough Goldenrod
Solidago roanensis,SORO2,Roan Mountain Goldenrod
Solidago rugosa,SORU2,Wrinkleleaf Goldenrod
Solidago sciaphila,SOSC,Shadowy Goldenrod
Solidago sempervirens,SOSE,Seaside Goldenrod
Solidago simplex,SOSI3,Mt. Albert Goldenrod
Solidago speciosa,SOSP2,Showy Goldenrod
Solidago spectabilis,SOSP3,Nevada Goldenrod
Solidago sphacelata,SOSP4,Autumn Goldenrod
Solidago squarrosa,SOSQ,Stout Goldenrod
Solidago stricta,SOST,Wand Goldenrod
Solidago tortifolia,SOTO2,Twistleaf Goldenrod
Solidago uliginosa,SOUL,Bog Goldenrod
Solidago ulmifolia,SOUL2,Elmleaf Goldenrod
Solidago velutina,SOVE6,Threenerve Goldenrod
Solidago wrightii,SOWR,Wright's Goldenrod
Sophora arizonica,SOAR3,Arizona Necklacepod
Sophora chrysophylla,SOCH,Mamani
Sophora leachiana,SOLE3,Western Necklacepod
Sophora secundiflora,SOSE3,Mescal Bean
Sophora stenophylla,SOST4,Fringeleaf Necklacepod
Sophora tomentosa,SOTO3,Yellow Necklacepod
Sorbus americana,SOAM3,American Mountain Ash
Sorbus californica,SOCA8,California Mountain Ash
Sorbus decora,SODE3,Northern Mountain Ash
Sorbus scopulina,SOSC2,Greene's Mountain Ash
Sorbus sitchensis,SOSI2,Western Mountain Ash
Sorghastrum nutans,SONU2,Indian Grass
Sorghastrum secundum,SOSE5,Lopsided Indiangrass
Sparganium americanum,SPAM,American Bur-Reed
Sparganium emersum,SPEM2,European Bur-Reed
Sparganium eurycarpum,SPEU,Broadfruit Bur-Reed
Spartina alterniflora,SPAL,Smooth Cordgrass
Spartina bakeri,SPBA,Sand Cordgrass
Spartina cynosuroides,SPCY,Big Cordgrass
Spartina gracilis,SPGR,Alkali Cordgrass
Spartina patens,SPPA,Saltmeadow Cordgrass
Spartina pectinata,SPPE,Prairie Cordgrass
Spartina spartinae,SPSP,Gulf Cordgrass
Spergularia macrotheca,SPMA,Sticky Sandspurry
Spermacoce prostrata,SPPR4,Prostrate False Buttonweed
Spermacoce tetraquetra,SPTE6,Pineland False Buttonweed
Spermolepis divaricata,SPDI2,Roughfruit Scaleseed
Sphaeralcea ambigua,SPAM2,Desert Globemallow
Sphaeralcea angustifolia,SPAN3,Copper Globemallow
Sphaeralcea coccinea,SPCO,Scarlet Globemallow
Sphaeralcea coulteri,SPCO2,Coulter's Globemallow
Sphaeralcea fendleri,SPFE,Fendler's Globemallow
Sphaeralcea grossulariifolia,SPGR2,Gooseberryleaf Globemallow
Sphaeralcea hastulata,SPHA,Spear Globemallow
Sphaeralcea incana,SPIN2,Gray Globemallow
Sphaeralcea laxa,SPLA,Caliche Globemallow
Sphaeralcea leptophylla,SPLE,Scaly Globemallow
Sphaeralcea lindheimeri,SPLI,Woolly Globemallow
Sphaeralcea munroana,SPMU2,Munro's Globemallow
Sphaeralcea parvifolia,SPPA2,Small-Leaf Globemallow
Sphaeralcea pedatifida,SPPE2,Palmleaf Globemallow
Sphaeralcea rusbyi,SPRU2,Rusby's Globemallow
Sphenopholis obtusata,SPOB,Prairie Wedgescale
Sphenosciadium capitellatum,SPCA5,Woollyhead Parsnip
Spigelia anthelmia,SPAN4,West Indian Pinkroot
Spigelia marilandica,SPMA3,Woodland Pinkroot
Spiraea alba,SPAL2,White Meadowsweet
Spiraea betulifolia,SPBE2,White Spirea
Spiraea corymbosa,SPCO12,Shinyleaf Meadowsweet
Spiraea douglasii,SPDO,Rose Spirea
Spiraea septentrionalis,SPSE,Northern Meadowsweet
Spiraea splendens,SPSP2,Rose Meadowsweet
Spiraea stevenii,SPST3,Beauverd Spirea
Spiraea tomentosa,SPTO2,Steeplebush
Spiranthes cernua,SPCE,Nodding Lady's Tresses
Spiranthes diluvialis,SPDI6,Ute Lady's Tresses
Spiranthes lacera,SPLA4,Northern Slender Lady's Tresses
Spiranthes porrifolia,SPPO7,Creamy Lady's Tresses
Spiranthes romanzoffiana,SPRO,Hooded Lady's Tresses
Spirodela polyrrhiza,SPPO,Common Duckmeat
Sporobolus airoides,SPAI,Alkali Sacaton
Sporobolus compositus,SPCO16,Composite Dropseed
Sporobolus cryptandrus,SPCR,Sand Dropseed
Sporobolus flexuosus,SPFL2,Mesa Dropseed
Sporobolus giganteus,SPGI,Giant Dropseed
Sporobolus heterolepis,SPHE,Prairie Dropseed
Sporobolus interruptus,SPIN5,Black Dropseed
Sporobolus neglectus,SPNE2,Puffsheath Dropseed
Sporobolus virginicus,SPVI3,Seashore Dropseed
Sporobolus wrightii,SPWR2,Big Sacaton
Stachys ajugoides,STAJ,Bugle Hedgenettle
Stachys albens,STAL,Whitestem Hedgenettle
Stachys bullata,STBU,California Hedgenettle
Stachys chamissonis,STCH,Coastal Hedgenettle
Stachys coccinea,STCO,Scarlet Hedgenettle
Stachys floridana,STFL4,Florida Hedgenettle
Stachys hyssopifolia,STHY3,Hyssopleaf Hedgenettle
Stachys mexicana,STME,Mexican Hedgenettle
Stachys palustris,STPA,Marsh Hedgenettle
Stachys pycnantha,STPY,Shortspike Hedgenettle
Stachys rigida,STRI,Rough Hedgenettle
Stachys tenuifolia,STTE,Smooth Hedgenettle
Stachytarpheta jamaicensis,STJA,Light-Blue Snakeweed
Stanleya elata,STEL,Panamint Princesplume
Stanleya pinnata,STPI,Desert Princesplume
Staphylea trifolia,STTR,American Bladdernut
Stellaria borealis,STBO3,Boreal Starwort
Stellaria longifolia,STLO,Longleaf Starwort
Stellaria longipes,STLO2,Longstalk Starwort
Stellaria nitens,STNI,Shiny Chickweed
Stellaria pubera,STPU,Star Chickweed
Stellaria umbellata,STUM,Umbrella Starwort
Stemodia durantifolia,STDU,Whitewoolly Twintip
Stemodia lanata,STLA17,Gray-Woolly Twintip
Stenanthium gramineum,STGR2,Eastern Featherbells
Stenaria nigricans,STNI6,Diamond-Flowers
Stenocereus thurberi,STTH3,Organpipe Cactus
Stenosiphon linifolius,STLI2,False Gaura
Stenotaphrum secundatum,STSE,St. Augustine Grass
Stenotus armerioides,STAR10,Thrift Mock Goldenweed
Stephanomeria exigua,STEX,Small Wirelettuce
Stephanomeria minor,STMI13,Lesser Wirelettuce
Stephanomeria pauciflora,STPA4,Brownplume Wirelettuce
Stephanomeria runcinata,STRU3,Desert Wirelettuce
Stephanomeria thurberi,STTH,Thurber's Wirelettuce
Stephanomeria virgata,STVI2,Rod Wirelettuce
Stephanomeria wrightii,STWR2,Wright's Wirelettuce
Stevia plummerae,STPL,Plummer's Candyleaf
Stewartia malacodendron,STMA,Silky Camellia
Stewartia ovata,STOV,Mountain Camellia
Stillingia sylvatica,STSY,Queen's-Delight
Stokesia laevis,STLA6,Stokes' Aster
Streptanthella longirostris,STLO4,Longbeak Streptanthella
Streptanthus barbatus,STBA2,Pacific Jewelflower
Streptanthus bernardinus,STBE,Laguna Mountain Jewelflower
Streptanthus breweri,STBR2,Brewer's Jewelflower
Streptanthus cordatus,STCO6,Heartleaf Twistflower
Streptanthus diversifolius,STDI2,Variableleaf Jewelflower
Streptanthus glandulosus,STGL8,Bristly Jewelflower
Streptanthus hesperidis,STHE6,Serpentine Jewelflower
Streptanthus polygaloides,STPO2,Milkwort Jewelflower
Streptanthus tortuosus,STTO3,Shieldplant
Strophostyles helvola,STHE9,Amberique-Bean
Strophostyles leiosperma,STLE6,Slickseed Fuzzybean
Stuckenia filiformis,STFI6,Fineleaf Pondweed
Stuckenia pectinata,STPE15,Sago Pondweed
Stylosanthes biflora,STBI2,Sidebeak Pencilflower
Styphelia tameiameiae,STTA,Pukiawe
Styrax americanus,STAM4,American Snowbell
Styrax grandifolius,STGR4,Bigleaf Snowbell
Suaeda moquinii,SUMO,Mojave Seablite
Suaeda suffrutescens,SUSU,Desert Seepweed
Suriana maritima,SUMA2,Bay Cedar
Swietenia mahagoni,SWMA2,West Indian Mahogany
Symphoricarpos albus,SYAL,Common Snowberry
Symphoricarpos longiflorus,SYLO,Desert Snowberry
Symphoricarpos mollis,SYMO,Creeping Snowberry
Symphoricarpos occidentalis,SYOC,Western Snowberry
Symphoricarpos orbiculatus,SYOR,Coralberry
Symphoricarpos oreophilus,SYOR2,Mountain Snowberry
Symphoricarpos rotundifolius,SYRO,Roundleaf Snowberry
Symphyotrichum anomalum,SYAN2,Manyray Aster
Symphyotrichum ascendens,SYAS3,Western Aster
Symphyotrichum boreale,SYBO2,Northern Bog Aster
Symphyotrichum chilense,SYCH4,Pacific Aster
Symphyotrichum ciliatum,SYCI2,Rayless Alkali Aster
Symphyotrichum ciliolatum,SYCI,Lindley's Aster
Symphyotrichum concolor,SYCO3,Eastern Silver Aster
Symphyotrichum cordifolium,SYCO4,Common Blue Wood Aster
Symphyotrichum divaricatum,SYDI2,Southern Annual Saltmarsh Aster
Symphyotrichum drummondii,SYDR,Drummond's Aster
Symphyotrichum dumosum,SYDU2,Rice Button Aster
Symphyotrichum eatonii,SYEA2,Eaton's Aster
Symphyotrichum ericoides,SYER,White Heath Aster
Symphyotrichum falcatum,SYFA,White Prairie Aster
Symphyotrichum foliaceum,SYFO2,Alpine Leafybract Aster
Symphyotrichum grandiflorum,SYGR5,Largeflower Aster
Symphyotrichum greatae,SYGR7,Great'as Aster
Symphyotrichum hallii,SYHA,Hall's Aster
Symphyotrichum laeve,SYLA3,Smooth Blue Aster
Symphyotrichum lanceolatum,SYLA6,White Panicle Aster
Symphyotrichum lateriflorum,SYLA4,Calico Aster
Symphyotrichum lowrieanum,SYLO2,Lowrie's Blue Wood Aster
Symphyotrichum novae-angliae,SYNO2,New England Aster
Symphyotrichum novi-belgii,SYNO3,New York Aster
Symphyotrichum oblongifolium,SYOB,Aromatic Aster
Symphyotrichum ontarionis,SYON2,Bottomland Aster
Symphyotrichum oolentangiense,SYOO,Skyblue Aster
Symphyotrichum patens,SYPA11,Late Purple Aster
Symphyotrichum phlogifolium,SYPH3,Thinleaf Late Purple Aster
Symphyotrichum pilosum,SYPI2,Hairy White Oldfield Aster
Symphyotrichum praealtum,SYPR5,Willowleaf Aster
Symphyotrichum pratense,SYPR7,Barrens Silky Aster
Symphyotrichum prenanthoides,SYPR6,Crookedstem Aster
Symphyotrichum puniceum,SYPU,Purplestem Aster
Symphyotrichum racemosum,SYRA5,Smooth White Oldfield Aster
Symphyotrichum sericeum,SYSE2,Silky Aster
Symphyotrichum shortii,SYSH,Short's Aster
Symphyotrichum spathulatum,SYSP,Western Mountain Aster
Symphyotrichum subspicatum,SYSU4,Douglas Aster
Symphyotrichum subulatum,SYSU5,Eastern Annual Saltmarsh Aster
Symphyotrichum tenuifolium,SYTE6,Perennial Saltmarsh Aster
Symphyotrichum tradescantii,SYTR,Shore Aster
Symphyotrichum turbinellum,SYTU2,Smooth Violet Prairie Aster
Symphyotrichum undulatum,SYUN,Wavyleaf Aster
Symphyotrichum urophyllum,SYUR,White Arrowleaf Aster
Symplocarpus foetidus,SYFO,Skunk Cabbage
Symplocos tinctoria,SYTI,Common Sweetleaf
Synthyris reniformis,SYRE,Snowqueen
Tabebuia heterophylla,TAHE,White Cedar
Taenidia integerrima,TAIN,Yellow Pimpernel
Tanacetum bipinnatum,TABI,Lake Huron Tansy
Tanacetum camphoratum,TACA2,Camphor Tansy
Taraxacum californicum,TACA5,California Dandelion
Tauschia arguta,TAAR2,Southern Umbrellawort
Tauschia parishii,TAPA5,Parish's Umbrellawort
Taxodium ascendens,TAAS,Pond Cypress
Taxodium distichum,TADI2,Bald Cypress
Taxus brevifolia,TABR2,Pacific Yew
Taxus canadensis,TACA7,Canada Yew
Tecoma stans,TEST,Yellow Trumpetbush
Tellima grandiflora,TEGR2,Bigflower Tellima
Tephrosia florida,TEFL,Florida Hoarypea
Tephrosia lindheimeri,TELI,Lindheimer's Hoarypea
Tephrosia onobrychoides,TEON,Multibloom Hoarypea
Tephrosia virginiana,TEVI,Virginia Tephrosia
Tetradymia axillaris,TEAX,Longspine Horsebrush
Tetradymia canescens,TECA2,Spineless Horsebrush
Tetradymia glabrata,TEGL,Littleleaf Horsebrush
Tetradymia spinosa,TESP2,Shortspine Horsebrush
Tetradymia tetrameres,TETE4,Fourpart Horsebrush
Tetraneuris acaulis,TEAC,Stemless Four-Nerve Daisy
Tetraneuris grandiflora,TEGR3,Graylocks Four-Nerve Daisy
Tetraneuris linearifolia,TELI3,Fineleaf Fournerved Daisy
Tetraneuris torreyana,TETO,Torrey's Four-Nerve Daisy
Tetraplasandra hawaiensis,TEHA2,Hawai'i 'ohe
Teucrium canadense,TECA3,Canada Germander
Teucrium cubense,TECU,Small Coastal Germander
Thalia geniculata,THGE2,Bent Alligator-Flag
Thalictrum alpinum,THAL,Alpine Meadow-Rue
Thalictrum dasycarpum,THDA,Purple Meadow-Rue
Thalictrum dioicum,THDI,Early Meadow-Rue
Thalictrum fendleri,THFE,Fendler's Meadow-Rue
Thalictrum occidentale,THOC,Western Meadow-Rue
Thalictrum pubescens,THPU2,King Of The Meadow
Thalictrum revolutum,THRE,Waxyleaf Meadow-Rue
Thalictrum thalictroides,THTH2,Rue Anemone
Thamnosma montana,THMO,Turpentinebroom
Thamnosma texana,THTE2,Rue Of The Mountains
Thaspium barbinode,THBA,Hairyjoint Meadowparsnip
Thelesperma filifolium,THFI,Stiff Greenthread
Thelesperma megapotamicum,THME,Hopi Tea Greenthread
Thelypodiopsis aurea,THAU3,Durango Tumblemustard
Thelypodiopsis elegans,THEL,Westwater Tumblemustard
Thelypodium integrifolium,THIN,Entireleaved Thelypody
Thelypodium laciniatum,THLA,Cutleaf Thelypody
Thelypodium sagittatum,THSA2,Arrow Thelypody
Thelypodium stenopetalum,THST,Slenderpetal Thelypody
Thelypteris noveboracensis,THNO,New York Fern
Thelypteris palustris,THPA,Eastern Marsh Fern
Thermopsis divaricarpa,THDI4,Spreadfruit Goldenbanner
Thermopsis gracilis,THGR6,Slender Goldenbanner
Thermopsis macrophylla,THMA2,Santa Inez Goldenbanner
Thermopsis mollis,THMO2,Allegheny Mountain Goldenbanner
Thermopsis montana,THMO6,Mountain Goldenbanner
Thermopsis rhombifolia,THRH,Prairie Thermopsis
Thermopsis villosa,THVI,Aaron's Rod
Thuja occidentalis,THOC2,Arborvitae
Thuja plicata,THPL,Western Redcedar
Thymophylla concinna,THCO10,Sonoran Pricklyleaf
Thymophylla pentachaeta,THPE4,Fiveneedle Pricklyleaf
Thysanocarpus curvipes,THCU,Sand Fringepod
Thysanocarpus laciniatus,THLA3,Mountain Fringepod
Tiarella cordifolia,TICO,Heartleaf Foamflower
Tiarella trifoliata,TITR,Threeleaf Foamflower
Tidestromia lanuginosa,TILA2,Woolly Tidestromia
Tilia americana,TIAM,American Basswood
Tillandsia bartramii,TIBA3,Bartram's Airplant
Tillandsia fasciculata,TIFA,Giant Airplant
Tillandsia paucifolia,TIPA2,Potbelly Airplant
Tillandsia usneoides,TIUS,Spanish Moss
Tillandsia utriculata,TIUT,Spreading Airplant
Tipularia discolor,TIDI,Crippled Cranefly
Tiquilia canescens,TICA3,Woody Crinklemat
Tiquilia hispidissima,TIHI,Hairy Crinklemat
Tiquilia latior,TILA6,Matted Crinklemat
Tiquilia nuttallii,TINU2,Nuttall's Crinklemat
Tiquilia palmeri,TIPA,Palmer's Crinklemat
Tiquilia plicata,TIPL2,Fanleaf Crinklemat
Tolmiea menziesii,TOME,Youth On Age
Tonestus graniticus,TOGR2,Granite Serpentweed
Torreya taxifolia,TOTA,Florida Nutmeg
Torreyochloa pallida,TOPA6,Pale False Mannagrass
Townsendia annua,TOAN,Annual Townsend Daisy
Townsendia aprica,TOAP,Last Chance Townsend Daisy
Townsendia florifer,TOFL5,Showy Townsend Daisy
Townsendia incana,TOIN,Hoary Townsend Daisy
Toxicodendron diversilobum,TODI,Pacific Poison Oak
Toxicodendron pubescens,TOPU2,Atlantic Poison Oak
Toxicodendron radicans,TORA2,Eastern Poison Ivy
Toxicodendron vernix,TOVE,Poison Sumac
Trachelospermum difforme,TRDI,Climbing Dogbane
Tradescantia bracteata,TRBR,Longbract Spiderwort
Tradescantia brevifolia,TRBR6,Trans-Pecos Spiderwort
Tradescantia edwardsiana,TRED,Plateau Spiderwort
Tradescantia ernestiana,TRER4,Ernest's Spiderwort
Tradescantia gigantea,TRGI,Giant Spiderwort
Tradescantia hirsuticaulis,TRHI5,Hairystem Spiderwort
Tradescantia hirsutiflora,TRHI,Hairyflower Spiderwort
Tradescantia humilis,TRHU,Texas Spiderwort
Tradescantia occidentalis,TROC,Prairie Spiderwort
Tradescantia ohiensis,TROH,Bluejacket
Tradescantia pedicellata,TRPE9,Edwards Plateau Spiderwort
Tradescantia pinetorum,TRPI,Pinewoods Spiderwort
Tradescantia subacaulis,TRSU,Stemless Spiderwort
Tradescantia subaspera,TRSU2,Zigzag Spiderwort
Tradescantia tharpii,TRTH,Tharp's Spiderwort
Tradescantia virginiana,TRVI,Virginia Spiderwort
Tragia nepetifolia,TRNE,Catnip Noseburn
Tragia ramosa,TRRA5,Branched Noseburn
Trema lamarckiana,TRLA2,Lamarck's Trema
Trema micrantha,TRMI2,Jamaican Nettletree
Triadenum fraseri,TRFR,Fraser's Marsh St. Johnswort
Triadenum virginicum,TRVI2,Virginia Marsh St. Johnswort
Trichloris pluriflora,TRPL3,Multiflower False Rhodes Grass
Trichophorum cespitosum,TRCE3,Tufted Bulrush
Trichostema brachiatum,TRBR5,Fluxweed
Trichostema dichotomum,TRDI2,Forked Bluecurls
Trichostema lanatum,TRLA3,Woolly Bluecurls
Trichostema lanceolatum,TRLA4,Vinegarweed
Trichostema laxum,TRLA5,Turpentine Weed
Trichostema oblongum,TROB,Oblong Bluecurls
Trichostema parishii,TRPA3,Parish's Bluecurls
Trichostema suffrutescens,TRSU6,Florida Scrub Bluecurls
Tridens flavus,TRFL2,Purpletop Tridens
Tridens strictus,TRST2,Longspike Tridens
Trientalis borealis,TRBO2,Starflower
Trifolium albopurpureum,TRAL5,Rancheria Clover
Trifolium andersonii,TRAN,Fiveleaf Clover
Trifolium barnebyi,TRBA5,Barneby's Clover
Trifolium bifidum,TRBI,Notchleaf Clover
Trifolium breweri,TRBR3,Forest Clover
Trifolium ciliolatum,TRCI,Foothill Clover
Trifolium cyathiferum,TRCY,Cup Clover
Trifolium dasyphyllum,TRDA2,Alpine Clover
Trifolium dichotomum,TRDI6,Branched Indian Clover
Trifolium douglasii,TRDO,Douglas' Clover
Trifolium eriocephalum,TRER2,Woollyhead Clover
Trifolium fucatum,TRFU,Bull Clover
Trifolium gracilentum,TRGR2,Pinpoint Clover
Trifolium gymnocarpon,TRGY,Hollyleaf Clover
Trifolium longipes,TRLO,Longstalk Clover
Trifolium macrocephalum,TRMA3,Largehead Clover
Trifolium microcephalum,TRMI4,Smallhead Clover
Trifolium microdon,TRMI5,Thimble Clover
Trifolium monanthum,TRMO2,Mountain Carpet Clover
Trifolium nanum,TRNA2,Dwarf Clover
Trifolium obtusiflorum,TROB2,Clammy Clover
Trifolium oliganthum,TROL,Fewflower Clover
Trifolium parryi,TRPA5,Parry's Clover
Trifolium productum,TRPR4,Shasta Clover
Trifolium reflexum,TRRE2,Buffalo Clover
Trifolium stoloniferum,TRST4,Running Buffalo Clover
Trifolium thompsonii,TRTH2,Thompson's Clover
Trifolium variegatum,TRVA,Whitetip Clover
Trifolium willdenovii,TRWI3,Tomcat Clover
Trifolium wormskioldii,TRWO,Cows Clover
Trillium albidum,TRAL4,Giant White Wakerobin
Trillium catesbaei,TRCA11,Bashful Wakerobin
Trillium cernuum,TRCE,Whip-Poor-Will Flower
Trillium cuneatum,TRCU,Little Sweet Betsy
Trillium erectum,TRER3,Red Trillium
Trillium flexipes,TRFL6,Nodding Wakerobin
Trillium grandiflorum,TRGR4,White Trillium
Trillium luteum,TRLU3,Yellow Wakerobin
Trillium nivale,TRNI2,Snow Trillium
Trillium ovatum,TROV2,Pacific Trillium
Trillium pusillum,TRPU3,Dwarf Wakerobin
Trillium recurvatum,TRRE5,Bloody Butcher
Trillium sessile,TRSE2,ToadSheet
Trillium undulatum,TRUN,Painted Trillium
Triodanis perfoliata,TRPE4,Clasping Venus' Looking-Glass
Triosteum perfoliatum,TRPE5,Feverwort
Triphysaria eriantha,TRER6,Johnny-Tuck
Triphysaria pusilla,TRPU16,Dwarf Owl's-Clover
Tripsacum dactyloides,TRDA3,Eastern Gamagrass
Trisetum canescens,TRCA21,Tall Trisetum
Trisetum spicatum,TRSP2,Spike Trisetum
Triteleia grandiflora,TRGR7,Largeflower Triteleia
Triteleia hyacinthina,TRHY3,White Brodiaea
Triteleia ixioides,TRIX,Prettyface
Triteleia laxa,TRLA16,Ithuriel's Spear
Triteleia lugens,TRLU4,Coast Range Triteleia
Triteleia montana,TRMO11,Sierra Triteleia
Trollius laxus,TRLA14,American Globeflower
Tsuga canadensis,TSCA,Eastern Hemlock
Tsuga caroliniana,TSCA2,Carolina Hemlock
Tsuga heterophylla,TSHE,Western Hemlock
Tsuga mertensiana,TSME,Mountain Hemlock
Turnera ulmifolia,TUUL,Ramgoat Dashalong
Typha latifolia,TYLA,Broadleaf Cattail
Ulmus alata,ULAL,Winged Elm
Ulmus americana,ULAM,American Elm
Ulmus crassifolia,ULCR,Cedar Elm
Ulmus rubra,ULRU,Slippery Elm
Ulmus serotina,ULSE,September Elm
Ulmus thomasii,ULTH,Rock Elm
Umbellularia californica,UMCA,California Laurel
Ungnadia speciosa,UNSP,Mexican Buckeye
Uniola paniculata,UNPA,Seaoats
Urochloa fusca,URFU2,Browntop Signalgrass
Urochloa platyphylla,URPL2,Broadleaf Signalgrass
Urochloa texana,URTE2,Texas Signalgrass
Urtica dioica,URDI,Stinging Nettle
Utricularia cornuta,UTCO,Horned Bladderwort
Utricularia geminiscapa,UTGE,Hiddenfruit Bladderwort
Utricularia gibba,UTGI,Humped Bladderwort
Utricularia inflata,UTIN,Swollen Bladderwort
Utricularia intermedia,UTIN2,Flatleaf Bladderwort
Utricularia macrorhiza,UTMA,Common Bladderwort
Utricularia minor,UTMI,Lesser Bladderwort
Utricularia purpurea,UTPU,Eastern Purple Bladderwort
Utricularia radiata,UTRA,Little Floating Bladderwort
Utricularia resupinata,UTRE,Lavender Bladderwort
Utricularia striata,UTST,Striped Bladderwort
Utricularia subulata,UTSU,Zigzag Bladderwort
Uvularia grandiflora,UVGR,Largeflower Bellwort
Uvularia perfoliata,UVPE,Perfoliate Bellwort
Uvularia sessilifolia,UVSE,Sessileleaf Bellwort
Vaccinium alaskaense,VAAL3,Alaska Blueberry
Vaccinium angustifolium,VAAN,Lowbush Blueberry
Vaccinium arboreum,VAAR,Farkleberry
Vaccinium boreale,VABO,Northern Blueberry
Vaccinium caesariense,VACA6,New Jersey Blueberry
Vaccinium calycinum,VACA8,Ohelo Kau L'aau
Vaccinium cespitosum,VACE,Dwarf Bilberry
Vaccinium corymbosum,VACO,Highbush Blueberry
Vaccinium crassifolium,VACR,Creeping Blueberry
Vaccinium darrowii,VADA,Darrow's Blueberry
Vaccinium deliciosum,VADE,Cascade Bilberry
Vaccinium elliottii,VAEL,Elliott's Blueberry
Vaccinium erythrocarpum,VAER,Southern Mountain Cranberry
Vaccinium fuscatum,VAFU,Black Highbush Blueberry
Vaccinium macrocarpon,VAMA,Cranberry
Vaccinium membranaceum,VAME,Thinleaf Huckleberry
Vaccinium myrsinites,VAMY3,Shiny Blueberry
Vaccinium myrtilloides,VAMY,Velvetleaf Huckleberry
Vaccinium myrtillus,VAMY2,Whortleberry
Vaccinium ovalifolium,VAOV,Oval-Leaf Blueberry
Vaccinium ovatum,VAOV2,California Huckleberry
Vaccinium oxycoccos,VAOX,Small Cranberry
Vaccinium pallidum,VAPA4,Blue Ridge Blueberry
Vaccinium parvifolium,VAPA,Red Huckleberry
Vaccinium reticulatum,VARE,Ohelo 'ai
Vaccinium scoparium,VASC,Grouse Whortleberry
Vaccinium stamineum,VAST,Deerberry
Vaccinium uliginosum,VAUL,Bog Blueberry
Vaccinium virgatum,VAVI2,Smallflower Blueberry
Vaccinium vitis-idaea,VAVI,Lingonberry
Valeriana acutiloba,VAAC,Sharpleaf Valerian
Valeriana edulis,VAED,Tobacco Root
Valeriana occidentalis,VAOC2,Western Valerian
Valeriana uliginosa,VAUL2,Mountain Valerian
Valerianella radiata,VARA,Beaked Cornsalad
Vallisneria americana,VAAM3,American Eelgrass
Vanclevea stylosa,VAST3,Pillar False Gumweed
Vancouveria hexandra,VAHE,White Insideout Flower
Veratrum californicum,VECA2,California False Hellebore
Veratrum insolitum,VEIN,Siskiyou False Hellebore
Veratrum virginicum,VEVI5,Virginia Bunchflower
Veratrum viride,VEVI,Green False Hellebore
Verbena bracteata,VEBR,Bigbract Verbena
Verbena canescens,VECA5,Gray Vervain
Verbena cloverae,VECL,Clover's Vervain
Verbena halei,VEHA,Texas Vervain
Verbena hastata,VEHA2,Swamp Verbena
Verbena lasiostachys,VELA,Western Vervain
Verbena macdougalii,VEMA,Macdougal Verbena
Verbena menthifolia,VEME,Mint Vervain
Verbena neomexicana,VENE,Hillside Vervain
Verbena runyonii,VERU,Rio Grande Vervain
Verbena scabra,VESC,Sandpaper Vervain
Verbena simplex,VESI,Narrowleaf Vervain
Verbena stricta,VEST,Hoary Vervain
Verbena urticifolia,VEUR,White Vervain
Verbena xutha,VEXU,Gulf Vervain
Verbesina alternifolia,VEAL,Wingstem
Verbesina encelioides,VEEN,Golden Crownbeard
Verbesina helianthoides,VEHE,Gravelweed
Verbesina lindheimeri,VELI2,Lindheimer's Crownbeard
Verbesina microptera,VEMI,Texas Crownbeard
Verbesina nana,VENA,Dwarf Crownbeard
Verbesina occidentalis,VEOC,Yellow Crownbeard
Verbesina oreophila,VEOR,Mountain Crownbeard
Verbesina virginica,VEVI3,White Crownbeard
Vernonia angustifolia,VEAN,Tall Ironweed
Vernonia arkansana,VEAR3,Arkansas Ironweed
Vernonia baldwinii,VEBA,Baldwin's Ironweed
Vernonia fasciculata,VEFA2,Ironweed
Vernonia gigantea,VEGI,Giant Ironweed
Vernonia glauca,VEGL,Broadleaf Ironweed
Vernonia larseniae,VELA12,Larsen's Ironweed
Vernonia lindheimeri,VELI3,Woolly Ironweed
Vernonia marginata,VEMA2,Plains Ironweed
Vernonia missurica,VEMI2,Missouri Ironweed
Vernonia noveboracensis,VENO,New York Ironweed
Vernonia texana,VETE3,Texas Ironweed
Vernonia ×guadalupensis,VEGU,Guadalupe Ironweed
Veronica americana,VEAM2,American Speedwell
Veronica anagallis-aquatica,VEAN2,Water Speedwell
Veronica peregrina,VEPE2,Neckweed
Veronica scutellata,VESC2,Skullcap Speedwell
Veronica wormskjoldii,VEWO2,American Alpine Speedwell
Veronicastrum virginicum,VEVI4,Culver's Root
Viburnum acerifolium,VIAC,Mapleleaf Viburnum
Viburnum dentatum,VIDE,Southern Arrowwood
Viburnum edule,VIED,Squashberry
Viburnum ellipticum,VIEL,Common Viburnum
Viburnum lantanoides,VILA11,Hobblebush
Viburnum lentago,VILE,Nannyberry
Viburnum nudum,VINU,Possumhaw
Viburnum obovatum,VIOB,Small-Leaf Arrowwood
Viburnum opulus,VIOP,European Cranberrybush
Viburnum prunifolium,VIPR,Blackhaw
Viburnum rafinesqueanum,VIRA,Downy Arrowwood
Viburnum recognitum,VIRE7,Southern Arrowwood
Viburnum rufidulum,VIRU,Rusty Blackhaw
Vicia americana,VIAM,American Vetch
Vicia caroliniana,VICA2,Carolina Vetch
Vicia ludoviciana,VILU,Louisiana Vetch
Vicia nigricans,VINI81,Black Vetch
Vigna luteola,VILU3,Hairypod Cowpea
Vigna marina,VIMA3,Notched Cowpea
Viguiera dentata,VIDE3,Toothleaf Goldeneye
Viguiera parishii,VIPA14,Parish's Goldeneye
Viguiera stenoloba,VIST,Resinbush
Viola adunca,VIAD,Hookedspur Violet
Viola affinis,VIAF2,Sand Violet
Viola beckwithii,VIBE2,Beckwith's Violet
Viola bicolor,VIBI,Field Pansy
Viola blanda,VIBL,Sweet White Violet
Viola brittoniana,VIBR,Northern Coastal Violet
Viola canadensis,VICA4,Canadian White Violet
Viola cucullata,VICU,Marsh Blue Violet
Viola cuneata,VICU2,Wedgeleaf Violet
Viola douglasii,VIDO,Douglas' Golden Violet
Viola glabella,VIGL,Pioneer Violet
Viola hallii,VIHA,Oregon Violet
Viola hirsutula,VIHI2,Southern Woodland Violet
Viola howellii,VIHO,Howell's Violet
Viola labradorica,VILA10,Alpine Violet
Viola lanceolata,VILA4,Bog White Violet
Viola lobata,VILO2,Pine Violet
Viola macloskeyi,VIMA2,Small White Violet
Viola missouriensis,VIMI3,Missouri Violet
Viola nephrophylla,VINE,Northern Bog Violet
Viola novae-angliae,VINO,New England Blue Violet
Viola nuttallii,VINU2,Nuttall's Violet
Viola ocellata,VIOC,Pinto Violet
Viola orbiculata,VIOR,Darkwoods Violet
Viola palustris,VIPA4,Marsh Violet
Viola pedata,VIPE,Birdfoot Violet
Viola pedatifida,VIPE2,Prairie Violet
Viola pedunculata,VIPE3,Johnny-Jump-Up
Viola pinetorum,VIPI2,Goosefoot Yellow Violet
Viola praemorsa,VIPR3,Canary Violet
Viola psychodes,VIPS,Butterfly Violet
Viola pubescens,VIPU3,Downy Yellow Violet
Viola purpurea,VIPU4,Goosefoot Violet
Viola renifolia,VIRE2,White Violet
Viola rostrata,VIRO,Longspur Violet
Viola rotundifolia,VIRO2,Roundleaf Yellow Violet
Viola sagittata,VISA2,Arrowleaf Violet
Viola selkirkii,VISE2,Selkirk's Violet
Viola sempervirens,VISE3,Evergreen Violet
Viola septentrionalis,VISE5,Northern Woodland Violet
Viola sheltonii,VISH,Shelton's Violet
Viola sororia,VISO,Common Blue Violet
Viola striata,VIST3,Striped Cream Violet
Viola villosa,VIVI3,Carolina Violet
Viola walteri,VIWA,Prostrate Blue Violet
Viola ×palmata,VIPA18,Early Blue Violet
Viola ×primulifolia,VIPR4,Primrose-Leaved Violet
Vitex rotundifolia,VIRO80,Roundleaf Chastetree
Vitis aestivalis,VIAE,Summer Grape
Vitis arizonica,VIAR2,Canyon Grape
Vitis californica,VICA5,California Wild Grape
Vitis cinerea,VICI2,Graybark Grape
Vitis labrusca,VILA8,Fox Grape
Vitis palmata,VIPA7,Catbird Grape
Vitis riparia,VIRI,Riverbank Grape
Vitis rotundifolia,VIRO3,Muscadine
Vitis vulpina,VIVU,Frost Grape
Waldsteinia fragarioides,WAFR,Appalachian Barren Strawberry
Waltheria indica,WAIN,Uhaloa
Wedelia acapulcensis,WEAC,Acapulco Wedelia
Whipplea modesta,WHMO,Common Whipplea
Wikstroemia phillyreifolia,WIPH2,Hawai'i False Ohelo
Wikstroemia sandwicensis,WISA,Variableleaf False Ohelo
Wikstroemia uva-ursi,WIUV,Hillside False Ohelo
Wislizenia refracta,WIRE,Spectacle Fruit
Wissadula amplissima,WIAM,Big Yellow Velvetleaf
Wisteria frutescens,WIFR,American Wisteria
Woodwardia virginica,WOVI,Virginia Chainfern
Wyethia amplexicaulis,WYAM,Mule-Ears
Wyethia angustifolia,WYAN,California Compassplant
Wyethia arizonica,WYAR,Arizona Mule-Ears
Wyethia helenioides,WYHE,Whitehead Mule-Ears
Wyethia helianthoides,WYHE2,Sunflower Mule-Ears
Wyethia mollis,WYMO,Woolly Mule-Ears
Xanthium strumarium,XAST,Rough Cocklebur
Xanthorhiza simplicissima,XASI,Yellowroot
Xerophyllum tenax,XETE,Common Beargrass
Xylorhiza cognata,XYCO2,Mecca Woodyaster
Xylorhiza orcuttii,XYOR,Orcutt's Aster
Xylorhiza tortifolia,XYTO2,Mojave Woodyaster
Xylorhiza venusta,XYVE,Charming Woodyaster
Xyris difformis,XYDI,Bog Yelloweyed Grass
Xyris montana,XYMO,Northern Yelloweyed Grass
Xyris smalliana,XYSM,Small's Yelloweyed Grass
Xyris torta,XYTO,Slender Yelloweyed Grass
Yabea microcarpa,YAMI,False Carrot
Yermo xanthocephalus,YEXA,Desert Yellowhead
Yucca aloifolia,YUAL,Aloe Yucca
Yucca angustissima,YUAN2,Narrowleaf Yucca
Yucca arkansana,YUAR2,Arkansas Yucca
Yucca baccata,YUBA,Banana Yucca
Yucca baileyi,YUBA2,Navajo Yucca
Yucca brevifolia,YUBR,Joshua Tree
Yucca constricta,YUCO,Buckley's Yucca
Yucca elata,YUEL,Soaptree Yucca
Yucca faxoniana,YUFA,Eve's Needle
Yucca filamentosa,YUFI,Adam's Needle
Yucca flaccida,YUFL2,Weak-Leaf Yucca
Yucca glauca,YUGL,Soapweed Yucca
Yucca gloriosa,YUGL2,Moundlily Yucca
Yucca harrimaniae,YUHA,Spanish Bayonet
Yucca pallida,YUPA,Twistleaf Yucca
Yucca reverchonii,YURE,San Angelo Yucca
Yucca rupicola,YURU,Texas Yucca
Yucca schidigera,YUSC2,Mojave Yucca
Yucca thompsoniana,YUTH,Thompson's Yucca
Yucca torreyi,YUTO,Torrey's Yucca
Yucca treculeana,YUTR,Don Quixote's Lace
Yucca ×schottii,YUSC,Schott's Yucca
Zamia pumila,ZAPU,Coontie
Zanthoxylum americanum,ZAAM,Common Pricklyash
Zanthoxylum clava-herculis,ZACL,Hercules' Club
Zanthoxylum fagara,ZAFA,Lime Pricklyash
Zenobia pulverulenta,ZEPU3,Honeycup
Zephyranthes atamasca,ZEAT,Atamasco Lily
Zigadenus elegans,ZIEL2,Mountain Deathcamas
Zigadenus fremontii,ZIFR,Fremont's Deathcamas
Zigadenus nuttallii,ZINU,Nuttall's Deathcamas
Zigadenus paniculatus,ZIPA2,Foothill Deathcamas
Zigadenus venenosus,ZIVE,Meadow Deathcamas
Zinnia acerosa,ZIAC,Desert Zinnia
Zinnia grandiflora,ZIGR,Rocky Mountain Zinnia
Zizania aquatica,ZIAQ,Annual Wildrice
Zizaniopsis miliacea,ZIMI,Giant Cutgrass
Zizia aptera,ZIAP,Meadow Zizia
Zizia aurea,ZIAU,Golden Zizia
Ziziphus obtusifolia,ZIOB,Lotebush